UC Santa Barbara,104.38871004456,104.44371584785,0.49848547270607,19–10,19,29,51.1,51,37.2,30,18.3,19.1,31.3,25.7,51.2,50.6,34.2,34.5,7.2,7.3,55.7,47.1,35.4,35.9,65.2,2020,-5.6589821247633,74.9,71.1
Arkansas Pine Bluff,79.147710784089,102.83367807477,0.046946338150543,3–26,3,29,43.1,48.9,37.4,46.3,26.2,20.6,27.1,30.7,44.6,50.2,26.3,31.1,9.7,7.5,47.7,57.6,28.8,36.9,66.9,2020,-20.009059549066,58.5,67.9
Toledo,105.08338083955,103.86810187014,0.53339306694964,16–15,16,31,50.9,48.7,36.7,26.5,17.6,16.2,27.8,27.7,47.9,46.6,36.8,34.9,8.3,9.5,57.4,44.3,41.8,37.1,68.7,2020,-8.9498660010314,74.5,70.4
Indiana,107.03127396694,92.192760795217,0.84764567226646,20–12,20,32,49.3,47.9,39.2,32.6,18.3,17.8,32.4,24.5,49.5,47.6,32.6,32.2,12.6,8.3,51.0,51.3,29.6,38.6,68.7,2020,1.8708355275143,67.9,68.3
Louisiana,98.885114701002,105.38400840009,0.32475597200176,13–19,13,32,48.0,51.6,34.9,32.8,19.0,18.7,28.6,29.8,47.9,52.0,32.1,33.9,8.1,8.5,46.4,50.3,41.1,36.8,72.5,2020,-12.48532026388,74.3,73.8
Central Michigan,101.17689853116,104.95950678285,0.39601483521714,11–18,11,29,47.5,54.5,33.7,29.2,17.7,21.1,27.5,28.9,47.7,52.1,31.4,38.9,6.8,8.9,40.7,51.2,37.5,39.0,74.4,2020,-11.014814342686,75.1,71.2
Brown,96.086871154222,99.253814788126,0.40783608334012,14–12,14,26,44.9,49.7,32.4,29.3,21.2,19.7,32.8,26.4,44.5,49.4,30.4,33.5,11.5,11.7,47.6,49.1,38.1,36.9,70.1,2020,-6.5135008972247,73.8,72.1
Wright St.,103.86300047169,99.097770280999,0.6318372015627,23–7,23,30,51.0,46.5,37.8,27.1,16.6,18.9,31.9,29.4,49.9,47.3,35.5,30.0,8.1,7.4,47.6,41.6,33.7,32.1,72.8,2020,-3.6443247554902,67.1,71.1
UC Irvine,103.13878270384,98.09388938066,0.64031457047929,19–11,19,30,51.6,44.9,28.0,36.0,20.2,16.4,34.1,25.3,50.8,40.8,35.6,35.6,9.6,6.7,53.2,48.4,29.9,33.1,68.6,2020,-5.5719281830041,73.1,71.1
Furman,105.93568616629,96.59089464064,0.74307227958675,22–7,22,29,54.6,50.7,31.6,26.8,16.6,23.0,23.5,28.4,57.0,53.6,34.5,31.2,8.0,9.2,53.3,55.0,46.6,42.1,69.0,2020,-0.76025849891043,70.4,71.9
UAB,99.503203718468,100.3561015819,0.47548145670699,17–13,17,30,49.7,49.3,35.1,27.0,22.2,18.3,31.8,24.3,50.6,48.1,31.7,34.0,8.8,8.6,41.8,48.1,29.5,41.6,66.2,2020,-7.2255588097935,71.2,70.6
Tulane,100.9029812141,100.97111270131,0.49805941370839,12–18,12,30,47.8,52.7,34.2,29.6,16.9,23.0,22.2,31.2,46.3,54.0,33.4,34.0,7.8,9.2,48.0,62.9,40.3,43.3,69.3,2020,-9.1516528356538,71.2,69.4
FIU,102.75772459444,99.970637995774,0.5784030843301,16–13,16,29,51.7,47.9,29.3,30.5,20.4,21.3,30.2,35.5,52.1,50.6,34.1,28.6,15.4,8.5,50.5,49.3,41.4,35.7,73.0,2020,-6.22833662701,64.6,73.2
BYU,114.29661770115,94.434503506168,0.89982128201378,23–8,23,31,58.1,49.0,23.4,27.9,15.5,18.2,20.6,24.1,54.8,50.8,41.9,30.3,5.4,7.0,57.4,46.2,41.3,33.7,70.2,2020,2.7418524441708,69.7,69.7
Illinois Chicago,95.442577410678,98.422523907443,0.41251786858152,17–17,17,34,50.8,46.1,29.4,36.6,22.5,17.7,27.7,28.2,50.8,47.9,33.8,28.8,12.0,7.8,56.1,56.5,37.8,38.6,70.0,2020,-11.766668749715,67.8,66.2
Xavier,104.63266161527,90.527101508074,0.84094478286595,19–13,19,32,49.0,46.4,30.9,28.9,19.8,18.6,32.2,27.6,50.2,46.7,31.2,30.5,9.4,8.7,55.2,49.6,34.7,36.3,68.9,2020,0.33463500613974,65.8,72.7
Charlotte,97.592617517107,95.874841910081,0.55087823555462,16–13,16,29,51.6,50.4,38.0,27.6,20.6,20.3,21.5,23.7,51.9,52.1,34.0,31.9,10.4,10.6,52.3,50.1,36.8,39.9,66.2,2020,-6.9748423930851,70.3,67.7
Canisius,96.404340274546,104.7279876443,0.27840754908113,12–20,12,32,48.4,51.8,30.2,35.7,20.4,21.9,29.1,29.3,50.1,51.6,30.2,34.8,7.1,7.4,56.1,47.3,34.3,36.0,70.8,2020,-15.691300454514,69.6,70.5
Wake Forest,106.86855839929,100.52367221013,0.66904606187166,13–18,13,31,49.0,49.7,41.0,35.2,19.7,15.2,28.6,26.0,47.3,49.5,35.1,33.3,7.2,9.4,51.6,49.8,32.9,35.3,70.8,2020,-5.9669343385515,74.7,70.4
Florida Atlantic,98.68048489367,99.495720525516,0.47636377465377,14–15,14,29,48.5,50.5,26.9,29.3,18.8,20.7,28.7,26.9,49.1,50.0,31.8,34.3,5.8,6.9,47.3,46.5,42.1,37.2,69.3,2020,-8.9124888938399,70.2,69.4
Northeastern,105.13846648411,100.38375598974,0.62999486827654,17–16,17,33,54.8,51.7,25.6,30.6,17.9,19.8,24.4,24.2,54.3,53.2,37.1,32.9,5.3,7.2,51.3,43.0,40.2,38.0,66.8,2020,-10.696359531574,79.0,72.5
Robert Morris,99.023554276619,102.84930625156,0.3927107273532,19–14,19,33,51.4,50.4,26.0,31.7,18.7,21.4,28.2,29.3,49.6,51.5,36.1,32.3,5.8,9.5,64.1,50.1,39.6,36.2,66.9,2020,-9.2379757204147,67.6,73.1
Seattle,98.796316201384,103.07727683507,0.38040855969316,12–15,12,27,45.3,48.7,34.8,41.7,13.6,18.8,26.8,27.9,44.3,49.4,31.2,31.6,7.9,8.4,41.9,49.2,37.7,34.0,70.6,2020,-9.974969028851,77.0,73.4
Villanova,112.87475469604,93.118395877905,0.90138254151539,24–7,24,31,52.6,48.2,26.9,23.6,16.0,16.9,25.7,24.5,51.5,47.9,35.9,32.5,6.5,10.3,56.3,47.6,47.3,31.8,67.0,2020,6.7909385138299,75.9,70.2
Howard,93.039220073577,119.52928255728,0.05309012546909,3–28,3,31,48.2,53.9,33.1,34.7,20.7,18.5,25.7,36.9,45.9,55.0,34.7,34.7,9.0,7.4,54.6,61.6,37.2,37.6,70.9,2020,-24.182515607968,69.7,68.9
Utah St.,107.70255344465,93.15911644366,0.84134100217846,24–8,24,32,51.8,46.4,36.3,26.8,18.2,17.5,30.7,22.4,53.3,44.9,32.9,32.3,8.8,9.1,60.9,48.8,38.2,41.9,68.3,2020,1.2104600236786,76.3,70.4
Marist,88.593489503105,102.96010875125,0.15081062144333,7–23,7,30,45.9,49.3,29.7,39.1,20.9,20.6,25.9,25.2,42.4,47.7,34.1,34.2,9.9,7.0,49.3,57.8,40.0,42.9,65.7,2020,-20.049053597351,64.8,72.8
Portland St.,107.48290498976,107.35470786604,0.50343106576501,16–14,16,30,49.6,52.9,30.8,32.1,17.7,20.3,35.9,34.3,49.2,53.3,33.8,34.6,9.6,8.3,47.4,54.1,30.5,30.2,72.4,2020,-8.4505935982885,72.3,71.5
Denver,93.073170584008,105.63778246599,0.18904208277303,6–24,6,30,49.1,52.0,36.3,38.1,19.3,17.5,20.8,25.3,49.5,54.5,32.1,32.4,6.8,6.5,45.2,47.4,29.2,42.4,71.7,2020,-18.145505335441,69.2,76.1
Cal St. Northridge,105.05546257215,112.26794484603,0.3178652948153,13–17,13,30,51.6,54.7,30.4,29.0,16.3,17.3,25.2,32.0,49.4,52.4,37.3,38.7,8.3,8.1,50.7,54.5,33.9,40.8,71.1,2020,-10.765378126674,72.6,72.1
Maryland,110.29988131279,92.658284617396,0.88124483486819,24–7,24,31,48.6,46.1,37.7,24.2,16.7,17.3,31.5,26.6,50.1,44.5,31.1,32.5,11.8,10.9,55.0,54.7,43.1,38.1,67.9,2020,6.8552010612402,74.7,69.8
Rice,103.44144275917,106.148545414,0.42626932061559,13–17,13,30,51.5,53.0,34.3,29.8,18.8,17.6,24.4,26.6,52.0,55.1,34.0,33.2,5.2,10.4,56.4,50.7,50.7,39.8,71.1,2020,-10.645741939334,72.5,68.4
Abilene Christian,99.286702148633,96.917293053202,0.56899876876779,16–11,16,27,49.6,50.4,41.1,48.9,20.6,26.1,28.8,29.5,51.0,52.3,31.5,30.9,7.9,11.3,55.3,45.5,36.7,32.6,69.0,2020,-6.5374409305211,74.3,73.4
Rider,98.261010780007,101.26640784704,0.41423979695052,18–12,18,30,49.1,49.1,40.8,30.3,19.6,19.1,30.6,24.0,49.6,49.5,32.1,32.5,7.9,9.4,51.8,52.7,33.3,43.9,71.7,2020,-7.5085910474263,65.1,68.1
Boston College,98.002103747179,96.914027565281,0.53205441381586,13–19,13,32,46.5,50.5,29.1,29.9,19.6,20.8,25.4,30.7,46.7,50.8,30.8,33.4,7.1,9.3,54.3,52.3,40.5,37.2,70.1,2020,-6.9686441970018,65.9,71.6
Arizona,110.29745374305,90.303668067815,0.90887966826999,21–11,21,32,50.7,45.3,36.7,35.2,16.7,20.6,30.7,25.9,49.6,44.4,35.2,31.2,10.6,8.0,57.9,51.3,34.7,37.7,70.1,2020,0.81049049213822,73.2,73.1
Penn St.,109.89912817954,90.681944131891,0.90117542513275,21–10,21,31,49.5,46.4,31.0,31.8,15.8,18.6,29.2,27.6,50.0,45.2,32.5,32.5,12.1,8.6,53.2,49.3,39.6,32.9,71.7,2020,3.3994072091763,69.2,68.3
Hawaii,97.461425256607,98.298238912301,0.47544011154702,16–13,16,29,48.8,49.2,32.2,32.5,18.6,19.1,27.6,25.9,48.4,48.0,32.9,34.9,5.0,8.8,55.1,38.0,38.1,26.7,69.3,2020,-8.0835669450037,70.8,72.6
San Diego,92.893975556552,97.325496723501,0.36913596345496,8–23,8,31,45.9,50.1,31.4,31.9,20.2,17.9,24.8,27.6,45.9,51.1,30.6,31.9,8.3,9.1,50.1,47.0,34.4,31.6,71.2,2020,-13.266631066594,67.6,71.4
UC Davis,101.89818497131,108.42266248179,0.32877637860021,12–18,12,30,52.3,54.1,31.8,35.9,18.8,19.7,22.9,27.8,48.5,55.0,39.1,35.0,5.2,8.7,49.2,58.3,37.3,38.2,68.7,2020,-12.82981148459,78.5,71.8
LSU,116.45778791596,100.71050896011,0.84166982832778,21–10,21,31,52.7,49.4,35.4,26.4,17.6,16.6,35.1,28.5,54.7,47.8,32.7,34.5,10.6,8.3,44.9,48.4,34.3,41.4,70.7,2020,0.88072542374312,76.9,68.8
St. Francis NY,93.224677516069,105.41005509972,0.19580476751824,12–18,12,30,46.4,49.5,27.2,36.5,18.2,19.1,27.2,29.1,47.7,47.8,29.3,35.3,11.6,7.8,46.0,46.7,34.7,32.9,70.9,2020,-14.310175477538,73.0,71.2
Fresno St.,103.33438165067,102.19019786092,0.53196771112936,10–19,10,29,49.8,49.7,29.5,28.2,19.4,15.4,30.5,26.5,49.0,46.3,33.7,36.3,10.7,8.0,51.2,51.3,49.1,41.3,65.0,2020,-10.998819292274,71.7,75.8
UMKC,96.734133212311,101.36816150547,0.36862585986388,13–14,13,27,50.5,49.5,30.3,48.4,19.8,21.1,24.0,30.0,49.4,50.9,35.1,31.2,8.6,12.5,48.5,48.8,35.4,32.8,65.9,2020,-8.7264053206874,68.6,76.6
Baylor,112.90364976651,87.098801030213,0.95185311626161,26–4,26,30,49.4,45.2,30.8,30.8,17.8,22.7,35.8,29.8,47.5,44.4,35.1,31.1,12.5,12.9,54.1,52.6,36.9,35.0,67.0,2020,8.5366357018604,69.0,68.7
Oral Roberts,106.18447008064,104.59673904092,0.54320526388756,13–14,13,27,50.9,51.7,28.2,31.7,13.8,18.2,29.0,26.9,51.4,52.0,33.3,34.1,6.6,8.6,44.9,49.9,36.8,38.8,71.0,2020,-7.1874907552411,76.4,73.8
Ohio,102.29404055864,100.91471878075,0.53895084057021,15–15,15,30,51.3,49.1,29.6,32.8,18.7,18.1,26.6,24.8,51.3,48.5,34.2,33.3,6.8,7.7,56.1,47.6,42.8,40.5,68.8,2020,-8.2001620880781,68.8,78.8
Winthrop,102.54119420982,101.63251695018,0.52556828312376,22–10,22,32,53.0,50.7,36.3,41.9,19.1,20.0,34.8,24.1,54.1,52.0,34.4,32.3,6.7,9.7,54.4,50.3,43.6,37.5,72.6,2020,-4.9400291060235,63.4,67.0
Northern Illinois,97.471408971308,99.252566955271,0.44812486040985,17–13,17,30,47.2,47.2,27.4,32.2,18.0,17.0,30.5,24.3,45.2,48.0,33.7,30.8,8.5,8.7,41.0,51.7,36.8,43.5,65.6,2020,-7.2549535344554,67.6,72.4
Georgia Tech,101.05069977031,90.259994466444,0.78561146717406,16–14,16,30,49.8,44.6,34.8,35.7,22.9,19.3,29.2,28.9,51.2,45.7,31.0,28.3,11.6,9.0,53.3,51.9,29.7,33.0,70.7,2020,-1.9299325922782,67.3,71.5
Kent St.,104.79954984499,100.41906712254,0.62034664655818,18–12,18,30,52.3,48.0,28.9,34.4,18.4,19.4,30.0,30.4,53.4,46.7,33.7,33.5,11.0,6.0,49.8,51.2,40.3,36.6,69.5,2020,-5.6737964029036,72.8,72.7
High Point,92.620978980744,112.39440314514,0.09750738226617,7–23,7,30,45.7,55.6,40.5,36.0,21.6,17.8,31.2,28.7,44.7,53.2,31.7,38.9,11.9,10.1,53.6,61.1,35.2,46.6,67.2,2020,-18.195934208355,69.5,68.9
Weber St.,96.344235991514,106.8927733459,0.23239542065995,9–20,9,29,48.7,52.2,26.5,22.5,17.4,16.6,21.4,28.9,50.7,50.3,30.2,37.3,9.5,7.3,39.9,52.2,35.6,32.6,68.0,2020,-13.908787207203,72.6,72.4
Maine,91.675017748061,105.75699780459,0.16201898373826,8–22,8,30,46.2,49.9,26.8,32.8,22.9,18.6,28.2,28.4,49.3,51.3,28.2,32.1,11.2,7.9,61.6,54.3,43.2,45.4,66.4,2020,-16.150103862341,71.3,75.6
Sam Houston St.,99.132111846134,101.50764778385,0.43233559622312,14–13,14,27,50.7,50.5,32.1,44.7,18.8,24.3,27.3,30.8,49.8,52.2,34.8,32.1,8.5,8.7,54.6,54.3,35.3,42.3,71.7,2020,-8.5084413794694,74.1,74.0
Incarnate Word,90.99268278175,110.44923592701,0.097225958387534,6–22,6,28,45.7,53.0,31.1,36.0,21.9,20.5,27.5,34.1,46.8,53.2,29.1,35.0,6.4,10.2,51.8,58.2,36.8,33.9,66.9,2020,-17.830295968851,74.0,76.1
SMU,111.87025234528,101.75130462757,0.748436903241,19–11,19,30,52.1,49.2,31.7,28.2,19.8,18.7,34.1,29.0,54.7,47.4,32.3,34.4,9.6,9.2,60.6,59.6,42.8,43.0,65.5,2020,-2.5443357380755,76.2,73.9
Richmond,107.20574508293,94.168205791151,0.81625429497516,24–7,24,31,53.5,47.7,27.8,30.2,15.6,19.9,22.6,26.3,53.0,49.1,36.2,30.5,7.4,8.4,56.8,47.4,37.9,41.0,69.8,2020,1.1586168908604,77.6,68.1
Providence,107.15104006082,91.211875854898,0.86437637471324,19–12,19,31,47.3,47.4,35.9,37.4,19.3,21.4,33.7,28.4,45.9,47.9,33.2,31.1,9.6,8.9,58.2,51.3,36.6,36.9,69.4,2020,0.33944072911447,69.4,70.7
Louisville,113.64829705003,91.993454490768,0.91916072625525,24–7,24,31,52.5,45.1,32.2,29.0,18.0,17.4,32.0,25.0,50.1,45.1,37.6,30.1,7.9,9.0,53.5,47.2,38.0,41.0,67.7,2020,4.3380753772801,73.1,73.0
Davidson,110.74243934169,100.58199414643,0.75151144313423,16–14,16,30,53.4,49.4,31.5,32.7,16.5,17.2,24.6,24.8,52.0,49.1,36.8,33.2,7.6,9.1,55.9,50.1,44.4,37.0,65.4,2020,-5.0343637222765,76.2,71.0
North Florida,110.21976814764,109.17743810579,0.52729062273277,19–12,19,31,54.6,50.3,28.6,28.1,17.3,15.8,26.9,31.8,52.4,51.3,37.8,31.6,8.2,10.4,57.8,52.1,52.2,24.5,70.2,2020,-4.9501554771448,76.5,70.1
Missouri St.,102.55728862855,98.536573112162,0.61299719618441,16–17,16,33,49.8,49.6,28.7,33.2,19.7,18.2,31.9,22.7,48.1,49.0,35.4,33.8,7.7,7.7,46.4,46.9,33.8,38.7,68.8,2020,-8.9891312536667,74.9,71.2
Vanderbilt,103.91865059822,102.4593820205,0.54056869976765,11–21,11,32,50.2,52.7,41.4,36.8,18.4,19.6,25.4,29.4,50.3,52.7,33.3,35.1,8.7,13.0,48.0,50.7,44.3,33.8,70.2,2020,-10.019190338657,69.7,73.8
Washington St.,100.89177675344,96.033316501473,0.63820050765992,16–16,16,32,45.8,49.9,30.7,32.3,17.2,20.9,27.8,26.0,45.5,51.2,30.9,31.5,6.8,10.1,47.7,44.8,39.3,32.0,71.4,2020,-5.7449293597899,74.3,68.8
Akron,106.94307501703,96.989222694419,0.75463983485743,22–7,22,29,51.7,45.9,35.5,29.1,17.9,18.4,27.4,29.2,49.6,45.2,36.2,31.5,7.2,8.5,50.7,43.3,44.3,34.0,70.2,2020,-0.99188436935684,76.9,66.3
Bowling Green,103.19289692842,102.03196645679,0.5324815432806,19–10,19,29,47.6,48.9,28.1,33.5,15.1,16.4,28.1,26.7,45.3,48.1,34.3,33.4,5.9,8.1,46.3,39.7,36.6,38.2,70.8,2020,-3.8970804354259,75.1,68.6
Memphis,99.456779993584,87.714282491923,0.80920334451936,21–10,21,31,49.7,41.2,39.9,35.0,22.3,20.2,30.0,29.4,50.0,40.7,32.9,28.0,15.3,8.1,56.5,52.5,35.2,36.5,73.8,2020,-0.0076598410138467,67.9,68.7
Central Arkansas,95.981564836695,106.47682265255,0.2326569829714,9–21,9,30,48.5,52.4,39.9,34.8,23.0,17.8,28.8,28.9,49.8,49.9,31.2,37.8,12.2,9.1,58.3,53.8,40.6,36.9,74.2,2020,-13.662597273327,72.2,71.7
Murray St.,101.5413736891,97.421503517165,0.61687918905813,21–9,21,30,52.7,46.4,40.1,32.2,19.9,18.5,28.9,24.8,51.6,46.3,36.7,31.0,10.1,9.6,53.2,45.9,31.8,36.2,69.5,2020,-4.8455619510763,70.4,69.3
American,99.652212950117,102.50389478429,0.41958743608292,16–14,16,30,51.6,49.7,28.6,36.7,17.9,19.9,26.7,29.3,51.9,50.5,34.0,31.9,9.3,8.4,48.1,47.8,34.7,31.5,69.4,2020,-10.136855676563,70.3,69.8
Notre Dame,109.16362282428,96.923247046756,0.79700467354557,20–12,20,32,50.4,47.5,25.0,19.7,14.2,16.8,26.9,28.1,49.4,45.8,34.5,33.7,9.2,9.2,62.1,50.7,45.1,36.2,68.9,2020,-1.1319624138809,73.5,72.0
Creighton,118.19602409362,95.102392401738,0.9241410436262,23–7,23,30,55.2,48.4,28.8,23.4,15.9,17.6,23.9,30.2,53.0,48.9,38.7,31.8,6.6,9.4,56.1,51.0,42.7,38.4,69.1,2020,6.0975400982328,74.9,70.0
Duke,114.25757261341,90.163247158994,0.93840404335899,25–6,25,31,52.6,45.7,35.6,30.9,17.8,20.2,34.8,28.0,52.5,46.0,35.2,29.9,13.6,9.0,52.1,46.8,31.5,26.7,72.5,2020,5.0926252777098,72.0,67.1
Indiana St.,105.20699349971,99.145745318381,0.66427338096305,17–12,17,29,51.7,50.6,32.3,33.5,16.9,19.1,23.6,25.7,49.3,52.3,37.5,31.8,9.9,7.5,50.9,52.3,34.2,36.8,67.2,2020,-4.2383626607951,71.3,69.8
UCLA,108.09854477244,98.114046614118,0.75296640572941,18–12,18,30,48.4,50.9,37.6,35.2,19.5,19.4,34.5,25.4,48.4,46.9,32.2,38.3,9.9,8.4,53.6,47.7,33.5,38.0,65.7,2020,-1.0421414645007,71.9,72.4
Pacific,102.18952032193,97.178640588179,0.64065293721487,21–10,21,31,49.5,48.1,34.0,41.6,18.2,18.1,33.0,21.3,48.9,46.3,34.1,34.3,11.9,6.4,45.8,40.6,28.0,35.2,65.6,2020,-2.8171135211653,67.1,71.1
Texas A&M,98.412431211257,95.957578305521,0.57211870235563,16–14,16,30,46.4,49.2,41.1,26.0,21.3,22.4,31.3,31.8,48.0,49.2,29.4,32.7,10.4,12.6,52.5,63.9,41.0,50.3,65.2,2020,-3.9068104201731,67.8,75.0
North Texas,109.7532833342,98.774219302132,0.77066692588981,18–11,18,29,55.3,49.8,29.4,38.8,20.6,20.7,29.3,27.7,54.6,47.8,37.5,35.5,8.7,9.9,49.5,46.5,40.9,36.4,63.8,2020,-3.4843106082679,76.9,69.1
Nevada,108.48890199464,98.628310599776,0.74947789464116,19–12,19,31,52.9,47.0,28.3,36.5,16.7,15.2,25.2,24.4,49.5,48.8,38.3,29.8,10.5,7.5,55.0,50.9,42.9,44.2,71.9,2020,-3.700954372837,75.3,71.7
UTSA,102.99546697384,106.24553990072,0.41161808755423,10–19,10,29,48.1,52.2,26.4,38.0,17.0,18.2,26.7,26.4,45.5,51.6,34.4,35.4,5.9,9.8,44.4,49.0,42.8,39.6,73.7,2020,-12.203509021789,77.8,71.2
Hartford,92.89146208687,99.827547253415,0.30403787159211,16–15,16,31,48.6,46.0,30.3,29.5,19.6,18.7,22.8,31.0,46.4,49.2,34.6,27.2,6.6,9.6,55.5,52.9,40.2,38.6,69.0,2020,-10.706712576197,70.6,69.8
Mississippi Valley St.,87.742649390201,117.8173961493,0.032629328541413,3–27,3,30,43.0,54.0,22.9,36.1,18.2,17.6,23.5,35.9,42.2,55.5,29.4,34.1,6.6,7.7,41.7,59.4,41.2,34.6,78.2,2020,-22.236105819467,64.8,68.4
Gardner Webb,100.33107734685,105.49110679619,0.35968343930362,14–16,14,30,51.8,49.4,34.8,31.4,18.1,17.6,27.4,30.0,50.0,49.2,36.4,33.1,13.3,8.2,53.3,55.9,38.9,42.2,66.9,2020,-10.951763063038,68.9,71.2
Norfolk St.,92.881013645372,100.68603036201,0.28334895078678,13–14,13,27,47.0,47.2,33.3,40.5,20.9,21.6,30.7,28.8,47.3,47.8,31.0,30.9,7.0,9.5,52.6,59.7,42.0,40.7,68.0,2020,-10.515553023063,71.7,67.9
Chattanooga,104.79489414352,102.7137044094,0.55741667217807,18–13,18,31,52.5,51.1,29.2,27.3,17.5,16.9,25.9,24.6,51.8,52.7,35.7,32.2,4.1,9.6,51.1,46.6,41.7,36.8,67.7,2020,-6.4644243657485,70.8,69.9
Georgia Southern,99.795031897102,98.425278040579,0.53965119139859,18–13,18,31,50.2,49.5,36.2,27.6,18.3,20.7,26.0,28.7,51.5,51.9,32.2,30.4,9.5,6.5,45.1,51.2,39.6,37.3,72.5,2020,-6.6629447196552,67.7,70.8
Northern Arizona,100.71785998783,106.45708264387,0.34585351538961,14–14,14,28,49.7,53.5,31.3,28.0,17.1,18.5,26.8,26.3,48.1,52.8,35.3,36.4,5.6,7.2,50.4,52.3,33.9,36.9,67.1,2020,-9.0035339872724,70.8,73.3
Nebraska,100.8290395881,99.43007821081,0.54008255629403,7–25,7,32,46.8,51.5,29.0,21.8,16.0,18.7,22.3,33.0,46.3,52.5,31.8,33.3,6.1,13.7,54.2,52.0,39.6,38.9,73.8,2020,-10.357019289791,60.3,66.7
Yale,105.76683483048,95.308455230996,0.76805523954746,21–7,21,28,53.8,46.5,31.2,25.7,18.5,16.6,25.8,21.3,52.7,46.9,36.9,30.6,9.2,9.5,56.0,50.4,42.0,40.1,68.1,2020,-0.37202575041723,71.9,73.3
Tennessee Martin,104.18435222866,121.52350833844,0.14549551626505,7–20,7,27,50.9,58.4,32.5,28.2,18.5,16.9,30.4,34.4,51.4,58.1,33.3,39.2,6.7,8.4,43.9,60.7,38.1,41.5,69.4,2020,-15.055626942279,75.3,69.8
Morehead St.,93.711000007844,106.0770890131,0.19381161360037,11–19,11,30,47.2,49.7,31.5,29.2,18.1,17.3,27.9,28.3,50.6,50.0,27.3,32.7,11.1,12.5,51.2,46.7,34.4,37.2,68.1,2020,-14.326917849453,63.8,70.7
Tennessee,105.32401667459,93.541089207559,0.79646865694731,17–14,17,31,48.8,45.9,37.3,35.3,20.5,19.6,30.5,30.1,49.9,44.0,31.3,33.1,15.6,8.8,62.7,44.7,36.1,34.6,65.9,2020,-2.103043233771,74.9,70.6
Texas St.,105.11110186954,96.49329630566,0.72785368695545,19–11,19,30,48.9,46.9,35.2,39.0,16.6,21.2,29.6,29.8,49.4,46.2,31.8,32.1,8.9,8.2,55.5,49.8,28.4,35.9,66.0,2020,-4.8515121147644,75.2,71.8
Jackson St.,92.05910623086,100.72231536843,0.26225705537153,13–17,13,30,45.2,48.6,35.6,43.6,18.2,22.8,26.6,29.7,47.6,47.7,26.3,33.8,10.0,7.9,44.0,51.5,28.7,32.1,69.5,2020,-12.050936223994,66.9,71.6
Mississippi,101.80335106137,95.659522428286,0.67169237750168,15–17,15,32,48.6,47.7,36.8,40.7,18.9,19.6,26.4,27.8,48.9,49.7,31.9,29.2,8.0,10.4,53.7,55.2,33.7,34.6,68.7,2020,-5.5096142594399,73.0,74.0
Wyoming,91.790741801599,98.833534591063,0.29940274717129,8–24,8,32,48.0,50.1,30.5,36.8,18.6,18.9,14.2,28.6,48.3,50.4,31.8,33.1,6.1,9.0,52.3,50.2,46.4,41.9,67.1,2020,-14.874874874643,73.0,69.5
Minnesota,110.72246452616,93.396553485059,0.87620591303495,15–16,15,31,49.4,45.6,27.5,28.0,16.7,15.8,31.3,27.9,48.6,45.4,33.7,30.7,11.3,9.9,58.4,52.6,40.7,31.2,67.6,2020,-1.519020284574,69.1,70.7
Illinois,109.17049772622,92.639302848542,0.86855812461478,20–10,20,30,48.3,47.0,32.2,23.9,17.9,16.6,35.6,25.7,49.6,45.8,30.3,33.0,7.1,8.1,50.0,46.5,30.6,32.5,67.0,2020,3.0079354497206,72.6,72.2
LIU,96.651911289134,105.0938763033,0.27628047764525,14–18,14,32,51.4,50.0,33.4,28.5,19.0,18.7,21.6,31.2,51.4,50.3,34.2,33.1,8.2,11.0,52.7,51.4,45.4,36.0,73.5,2020,-13.046850425115,71.3,71.5
UTEP,95.847340991827,96.885843432305,0.46905662326696,14–15,14,29,47.3,47.4,33.0,33.0,19.6,19.2,23.3,26.4,49.0,48.8,29.9,29.9,8.5,8.1,54.0,48.5,40.8,36.4,68.0,2020,-8.7454464152137,75.4,70.8
Loyola Chicago,102.4223765124,94.840224852865,0.70775037548427,20–11,20,31,54.9,52.2,38.9,23.5,19.4,23.6,21.3,23.6,55.3,49.8,36.0,36.9,5.2,10.4,57.2,53.9,31.2,42.8,66.1,2020,-4.2561567113698,65.1,67.2
Texas,102.04413012972,91.387770645764,0.78046488258816,19–12,19,31,49.9,46.9,22.0,35.3,20.5,20.8,26.7,32.2,49.7,46.3,33.5,32.2,11.0,9.6,48.4,43.7,42.8,28.2,66.7,2020,0.9939856750848,68.5,66.0
Maryland Eastern Shore,80.560151230197,107.53268697553,0.034854604171029,4–27,4,31,40.5,51.0,25.7,36.6,21.1,20.4,26.2,31.0,42.5,51.3,25.0,33.7,9.0,10.6,52.6,54.4,39.7,38.7,68.5,2020,-20.884708121277,63.1,69.8
Western Illinois,97.28289889038,113.46064983359,0.14565703681757,3–21,3,24,48.5,55.7,21.7,35.0,15.5,15.1,21.2,26.2,44.7,55.1,36.6,37.7,5.8,7.2,36.6,42.7,37.4,35.6,72.2,2020,-16.923413858258,79.6,75.8
Fairleigh Dickinson,100.40656399578,111.5431304083,0.22976950641174,10–19,10,29,51.1,52.5,29.8,31.9,18.5,18.0,26.5,31.7,49.7,52.8,35.7,34.7,9.0,8.7,45.6,56.4,36.1,39.8,69.3,2020,-14.498083119302,72.1,70.0
Cornell,100.00253954922,108.8095402863,0.27475305214494,5–20,5,25,49.8,53.1,26.8,31.8,17.9,18.3,24.5,29.9,50.5,52.3,32.5,36.1,7.9,10.5,55.3,54.7,39.2,40.8,65.8,2020,-14.176370230901,70.5,71.1
West Virginia,106.17256218667,86.739711515974,0.91090779910293,21–10,21,31,46.5,44.6,40.5,37.1,20.7,22.4,40.1,27.6,48.0,45.4,28.6,28.8,10.5,8.1,49.5,47.6,29.6,37.5,70.1,2020,3.3765722763289,64.2,71.5
Cleveland St.,90.917626356318,104.32456298414,0.17053238085266,10–21,10,31,44.5,50.0,38.7,39.5,22.2,20.6,32.2,33.1,45.1,49.1,28.4,34.2,7.4,11.2,50.4,55.2,22.4,38.1,68.1,2020,-15.062091105821,66.9,72.2
Southern Illinois,97.196091001504,96.356628533171,0.52491796924831,15–16,15,31,49.5,49.1,33.6,25.3,19.4,21.0,20.6,29.9,48.3,49.4,34.1,32.4,5.7,11.7,52.9,53.2,41.2,35.0,64.8,2020,-8.7753222890169,73.1,69.6
San Diego St.,112.12975459503,90.681533527264,0.91993648336839,29–2,29,31,54.6,45.2,28.3,30.6,16.2,21.3,28.2,25.4,53.0,45.3,37.9,30.1,8.8,5.8,54.8,54.0,42.2,42.4,65.5,2020,6.6410349949895,77.3,72.6
Nebraska Omaha,101.43971383254,105.66701650891,0.38472904200496,15–16,15,31,49.9,52.6,27.6,29.5,17.0,16.0,27.2,26.7,49.4,51.5,34.0,36.1,8.6,7.5,43.6,53.5,30.2,39.7,70.0,2020,-8.807634698536,71.3,73.6
DePaul,101.97087466163,93.611105936653,0.72783964125856,15–16,15,31,47.9,48.8,33.3,35.4,20.4,22.2,31.3,30.2,48.4,47.9,31.1,33.4,14.7,8.9,52.3,57.6,30.4,41.3,71.2,2020,-2.5577609030176,65.7,74.4
UT Rio Grande Valley,96.748328338976,104.80850144801,0.28490673161878,10–16,10,26,46.8,53.1,35.1,44.2,18.0,23.5,27.6,30.0,46.1,51.1,32.4,37.8,10.3,5.5,54.4,59.3,29.8,36.0,71.1,2020,-10.654391083244,73.1,72.8
Chicago St.,84.581812965875,119.42034578357,0.01858394076895,1–25,1,26,45.5,57.6,42.2,42.5,26.5,16.0,20.6,31.9,45.4,55.4,30.4,40.6,7.0,6.4,48.9,60.2,36.0,40.5,70.1,2020,-20.05984042961,72.5,73.8
South Dakota,106.3354488988,107.57761074257,0.46665976152975,17–12,17,29,54.6,52.2,40.8,32.2,15.1,14.9,19.3,22.1,52.9,50.7,38.8,36.6,6.6,7.1,49.0,42.7,32.9,34.2,70.6,2020,-7.117541125718,75.3,73.7
Montana St.,95.421215886793,99.760388110463,0.37486354661885,14–15,14,29,49.0,48.3,38.4,30.8,20.6,15.9,22.4,25.0,49.8,48.4,31.5,32.1,7.0,10.4,48.2,50.3,32.5,40.6,68.2,2020,-9.6668989854371,74.1,70.2
Oklahoma St.,105.07435842822,92.873135492268,0.80525833410526,18–14,18,32,47.8,46.7,35.2,33.1,19.4,20.6,29.5,29.0,48.0,48.3,31.5,29.9,12.1,9.0,50.1,56.2,33.7,44.4,69.1,2020,-0.010935443072917,73.4,72.4
Wagner,96.791365237727,112.67630666513,0.14835574379039,7–21,7,28,46.5,54.0,29.6,45.9,19.6,18.7,30.1,29.2,46.9,51.0,30.5,38.9,7.1,8.9,52.4,60.9,37.0,41.6,68.5,2020,-16.433134784794,72.7,70.6
Bethune Cookman,94.030920264165,104.59115277504,0.22723224744797,13–14,13,27,46.4,48.3,37.4,38.8,20.1,20.4,29.6,30.9,45.9,51.6,31.7,28.0,6.3,7.6,45.9,50.1,31.6,34.5,73.7,2020,-10.064802439211,70.0,66.8
Wofford,103.73111093076,102.56319407716,0.53250754199521,17–16,17,33,53.5,51.6,25.7,31.8,17.9,17.8,25.0,24.5,55.4,52.8,34.3,33.3,8.4,8.6,50.2,50.8,47.8,43.6,66.3,2020,-8.1326596665306,70.9,71.9
Cal Poly,93.850270023965,107.37313735672,0.17537415850973,5–23,5,28,47.3,52.6,33.7,43.4,19.1,18.4,22.8,28.6,45.5,50.8,34.0,37.3,6.8,8.6,42.5,55.0,33.6,35.5,69.0,2020,-16.464941242075,68.0,72.9
Towson,104.2288786118,102.46135890193,0.54901463278137,17–13,17,30,48.7,48.7,34.9,31.0,18.1,15.7,32.4,26.9,46.9,48.5,34.8,32.7,9.2,7.1,46.4,52.4,33.7,43.8,65.9,2020,-6.9751781388774,77.8,74.2
Delaware St.,92.563548967049,116.31434890245,0.067445258734279,5–25,5,30,47.0,54.0,33.5,43.8,19.8,18.7,26.0,30.0,47.4,55.3,30.9,34.8,6.2,9.1,40.2,57.1,39.3,40.9,75.3,2020,-22.003179606049,68.5,71.3
Prairie View A&M,94.157756778353,99.775432678833,0.33929690675607,17–13,17,30,47.4,47.8,40.5,49.2,20.2,23.7,27.9,28.1,48.1,50.6,30.3,28.7,8.8,7.8,57.7,53.8,26.7,37.3,71.3,2020,-7.5788846868313,71.2,69.6
Alcorn St.,95.255302800531,110.99469976659,0.14696572873106,11–15,11,26,47.3,51.4,31.1,37.1,20.6,18.0,27.7,28.2,44.7,51.6,34.2,34.0,7.9,8.8,48.2,51.5,38.4,31.9,70.7,2020,-11.144054851761,74.8,63.5
Liberty,104.4294100965,93.950381841003,0.7713698526103,28–4,28,32,54.4,45.6,32.0,28.6,15.2,19.4,23.9,21.3,55.7,45.9,35.0,30.0,8.4,5.8,51.7,44.5,40.0,39.3,62.1,2020,-0.34463133636637,71.2,69.5
UNC Wilmington,91.012110279193,103.24561832849,0.18994624761466,7–22,7,29,45.9,51.0,32.5,33.0,18.9,17.9,22.9,29.1,45.2,52.2,31.5,32.8,8.4,7.2,47.8,49.9,32.6,38.2,69.1,2020,-15.940237931022,71.5,68.6
Presbyterian,95.701881330532,112.42194268848,0.13566831029269,8–22,8,30,50.2,53.8,35.7,37.1,21.9,16.9,26.4,27.4,50.9,53.1,32.5,36.4,5.5,10.2,51.2,54.3,36.1,44.3,67.6,2020,-17.74165594929,71.8,71.3
Michigan,111.53732343992,91.788466384253,0.90387443666301,19–12,19,31,52.8,46.9,26.7,26.4,15.3,16.1,25.0,25.5,54.1,46.3,33.9,32.3,10.3,7.3,52.7,39.4,39.1,28.3,69.4,2020,2.8005334357993,71.7,69.3
East Carolina,97.857090727676,102.52589791584,0.36912238435161,11–20,11,31,46.7,50.1,36.8,40.2,19.2,18.7,27.2,26.4,49.0,49.7,28.1,33.7,9.0,8.3,57.2,56.4,32.8,42.8,71.3,2020,-12.042486296356,72.2,66.9
Northwestern,104.24051574045,98.620173056899,0.65416277957784,8–23,8,31,46.9,49.2,25.8,28.6,15.6,15.8,22.0,29.3,46.9,47.9,31.2,34.0,9.6,8.9,57.1,62.5,33.9,42.4,67.3,2020,-8.956477070519,73.1,70.6
Eastern Illinois,97.335082070825,101.75286611178,0.37508654313836,15–15,15,30,50.5,49.1,29.4,33.9,17.4,21.4,28.2,28.9,50.3,46.9,33.8,35.8,11.2,7.4,49.4,50.5,32.5,32.4,69.9,2020,-10.54809852959,65.6,73.9
Buffalo,102.97505584335,101.00652659082,0.55526551258729,19–12,19,31,48.8,48.9,27.4,30.4,18.4,19.0,34.7,28.8,49.8,49.8,31.5,31.3,10.9,9.2,50.5,47.1,37.6,34.2,74.7,2020,-5.7048380260755,68.4,73.3
Northern Kentucky,99.6691352841,99.893733551971,0.49352901425646,21–9,21,30,49.5,46.5,33.4,31.0,18.0,20.2,29.7,31.9,52.4,47.7,30.6,29.6,5.0,6.4,54.1,52.5,45.3,34.1,66.4,2020,-4.2858285929347,70.1,67.6
Valparaiso,102.05243027225,101.83603478012,0.50610241860705,18–16,18,34,50.7,51.8,26.8,31.7,18.1,20.0,26.1,27.4,50.4,50.3,34.0,36.5,9.1,7.4,56.9,51.9,40.3,34.8,70.1,2020,-7.5011359747459,71.7,68.8
Elon,99.766642670465,107.61467266582,0.29508457268628,10–21,10,31,49.6,52.6,27.9,42.1,17.3,17.4,22.9,25.9,46.4,50.6,35.2,36.9,5.6,10.2,54.0,53.1,49.3,41.6,66.8,2020,-14.564875105612,73.6,74.4
Appalachian St.,96.795431186011,99.768470931225,0.41389108217441,16–15,16,31,48.4,49.8,41.2,27.3,19.5,20.3,26.9,27.7,50.3,50.6,30.2,32.4,6.5,8.2,48.9,55.5,38.5,38.9,68.0,2020,-7.798652694928,67.0,72.0
North Alabama,93.607462312102,103.95552510617,0.23044323183788,11–17,11,28,47.9,50.0,39.7,40.8,21.4,19.3,27.9,26.3,46.6,49.6,33.5,33.8,6.2,11.1,45.4,43.2,36.3,34.1,70.8,2020,-11.58015354076,69.2,69.6
Oklahoma,106.67748308053,92.734852217307,0.83351631583321,19–12,19,31,48.2,46.7,31.3,19.7,16.0,16.7,23.4,27.4,48.6,44.2,31.8,33.6,11.6,7.1,47.9,46.7,38.9,40.1,70.5,2020,2.1332619613807,76.6,71.1
Mississippi St.,111.78396120813,98.466829150594,0.81134235448085,20–11,20,31,51.5,48.1,39.5,31.6,20.6,17.1,37.0,28.3,51.9,48.8,33.6,31.2,14.0,7.4,51.1,50.5,28.0,36.2,66.9,2020,-0.49897426157207,75.4,73.3
St. John's,105.42488970801,93.34093105579,0.80218554494733,17–15,17,32,45.9,48.2,30.0,36.2,15.1,22.7,30.0,31.4,44.9,48.7,32.1,31.7,11.6,9.6,54.3,57.6,31.3,42.2,73.8,2020,-2.4995150998211,70.2,68.2
Long Beach St.,93.630077422001,103.67583675368,0.23648460822395,9–21,9,30,48.2,52.2,33.2,29.9,22.0,19.7,24.6,31.2,46.2,50.6,35.3,36.4,11.8,6.9,45.0,58.7,29.6,40.0,71.9,2020,-13.224029393589,69.1,71.5
Samford,97.60691113592,111.21423074096,0.18229646838806,7–23,7,30,48.0,55.8,34.9,24.5,20.8,18.2,28.3,33.6,46.8,54.8,33.6,38.0,9.1,9.0,44.3,62.4,32.8,45.3,73.4,2020,-16.178623502493,74.7,68.5
Eastern Washington,102.62765607759,101.15953209554,0.54133035400002,21–8,21,29,52.0,49.1,29.6,33.7,17.7,18.5,27.3,27.0,52.2,48.0,34.4,34.3,8.2,9.2,58.8,54.7,42.4,30.8,73.9,2020,-2.0755523138644,68.7,70.4
Kansas St.,100.78747820196,93.205901255348,0.71081292593091,11–21,11,32,47.5,49.6,34.7,38.8,21.3,24.3,29.6,30.2,47.9,49.6,31.3,33.0,7.9,12.0,55.1,52.8,39.1,40.1,67.8,2020,-7.2730718789813,66.1,70.1
Pepperdine,106.86437932367,102.88600249671,0.60737653163685,16–16,16,32,50.0,52.8,33.0,34.7,17.4,19.0,26.9,27.8,48.4,50.3,35.1,38.1,10.1,7.0,56.5,57.4,37.5,36.5,71.7,2020,-6.2411789498565,79.2,71.5
Charleston,103.3801132442,102.73758591729,0.51791676432377,16–14,16,30,51.1,49.1,32.3,32.5,16.3,17.7,22.7,29.3,50.3,48.7,34.9,33.2,7.2,9.0,44.5,50.6,40.1,37.6,66.6,2020,-7.4432186823404,76.3,74.4
Grambling St.,92.091062321823,103.67690945962,0.20379086683504,13–15,13,28,47.6,48.5,38.8,36.4,20.3,20.0,28.1,29.2,48.6,47.7,30.0,33.2,10.1,8.1,50.1,59.5,27.7,38.4,69.3,2020,-10.940983371652,67.6,68.2
Texas Southern,97.109128674813,107.42868185672,0.23841191670569,15–16,15,31,45.9,50.3,41.1,34.3,21.0,19.6,31.8,30.4,45.9,49.2,30.5,34.9,7.1,9.7,43.7,53.4,28.6,34.9,73.5,2020,-8.9448381035149,71.1,72.0
Colorado,107.11522462545,92.213608615094,0.8484724457092,21–11,21,32,50.5,46.9,36.2,26.1,19.2,19.4,30.3,23.9,49.1,44.8,35.1,34.2,7.8,8.6,54.3,46.4,38.6,32.1,68.9,2020,0.68820862644158,73.6,71.1
VMI,98.69927094776,106.73089639976,0.28911608155103,6–24,6,30,50.4,50.8,21.8,39.4,18.5,17.5,26.8,28.5,48.6,52.3,34.8,32.3,6.9,9.9,62.6,54.3,50.6,39.9,68.7,2020,-18.139722846255,70.5,73.3
Auburn,110.06322985345,94.145144987774,0.85772226277998,25–6,25,31,50.0,47.1,43.8,33.9,17.9,18.7,35.3,27.4,53.3,46.2,30.6,32.5,12.9,9.3,49.1,45.6,44.1,36.3,70.0,2020,4.6076493983124,67.4,71.7
New Orleans,98.540473971999,113.03179499732,0.1711043720282,5–21,5,26,48.4,56.1,40.3,39.7,20.3,20.6,27.6,34.2,48.2,56.7,32.6,36.7,5.4,10.8,53.6,56.3,26.8,33.6,70.4,2020,-15.506639173613,74.1,73.0
Idaho St.,99.016737825686,110.19298761921,0.22620591211343,6–22,6,28,50.0,53.8,35.8,26.0,20.3,16.2,29.2,28.6,49.4,55.5,34.1,32.9,5.8,9.0,45.1,41.8,33.6,27.4,67.9,2020,-16.629451336011,66.3,76.3
Columbia,94.421078373611,104.18836007678,0.24378944736969,5–24,5,29,46.1,52.3,22.5,25.7,15.9,16.3,20.1,25.1,46.9,53.9,29.8,33.3,8.0,10.5,43.3,49.7,36.2,39.8,70.0,2020,-17.465168914201,72.8,67.6
IU Indy,97.828069452392,114.78111614718,0.13730251374004,5–25,5,30,47.9,54.4,32.2,29.5,18.8,17.1,28.7,33.5,46.2,53.0,33.7,37.8,5.9,10.2,54.3,55.8,38.8,38.9,71.4,2020,-19.356286548493,64.7,72.4
Western Carolina,105.88253658163,105.2322527192,0.51770402205799,17–12,17,29,54.6,50.5,38.4,31.2,19.8,16.5,28.4,25.6,54.0,53.0,36.8,31.3,4.9,11.7,53.6,45.8,45.4,41.2,72.2,2020,-5.3755057233721,70.9,72.9
Eastern Kentucky,94.587379000811,102.54192757697,0.28320909753347,14–17,14,31,46.5,51.7,32.5,36.3,18.9,23.3,24.9,33.6,46.2,53.7,31.3,32.1,5.5,8.8,44.3,54.4,39.1,35.0,75.2,2020,-11.471590689858,72.3,73.1
Penn,102.83544519753,99.120652137019,0.60422748259948,15–11,15,26,52.3,47.6,24.6,25.0,17.3,16.7,22.8,28.4,55.0,45.9,32.6,34.3,7.5,9.2,53.4,40.3,43.9,30.5,70.9,2020,-4.4877697806761,66.4,71.9
South Carolina St.,94.921779462037,113.44077562451,0.11409090511641,9–18,9,27,46.7,53.0,39.7,38.9,20.5,17.6,30.3,28.2,48.4,54.6,28.5,33.4,4.9,8.9,46.5,46.0,29.6,35.2,67.7,2020,-14.453481727566,74.5,67.4
Idaho,92.200915196724,105.04758003019,0.18241085715814,6–24,6,30,47.6,51.8,30.5,29.3,21.1,15.8,24.1,26.3,46.8,53.6,33.3,32.7,5.8,7.2,48.7,53.7,25.6,39.0,69.5,2020,-19.083130146212,66.7,69.0
Stony Brook,95.631717788752,98.020895576655,0.4295283930129,19–13,19,32,47.7,46.3,33.3,27.4,20.7,18.4,28.4,27.3,45.9,43.3,33.5,33.6,13.1,8.5,46.8,57.8,42.9,41.8,70.5,2020,-7.2217292787683,72.2,69.3
Evansville,96.281540823119,105.29368615178,0.26328118937714,8–23,8,31,48.6,52.8,32.4,33.3,18.4,17.2,19.9,25.6,49.2,52.5,31.9,35.6,5.6,7.5,53.2,41.2,42.6,29.5,68.6,2020,-16.046541149921,72.8,74.7
Saint Peter's,93.144984835182,96.698252429127,0.39399790427588,18–12,18,30,46.0,46.1,38.0,40.8,23.4,22.0,35.6,27.4,43.5,44.9,34.2,32.1,13.6,12.9,46.7,54.1,32.5,36.0,68.5,2020,-7.6954394775606,72.3,71.8
Virginia,98.029759079347,84.042963401565,0.85450044985547,23–7,23,30,46.9,43.1,26.6,21.6,20.1,19.3,26.4,23.2,47.8,42.5,30.3,29.3,16.5,8.6,54.8,47.3,37.0,42.7,60.2,2020,3.7933374623015,71.7,68.8
UCF,102.65382869498,96.767513040918,0.66353507185676,16–14,16,30,49.4,47.8,30.9,29.4,19.9,20.6,28.8,30.5,49.9,48.0,32.3,31.7,8.0,7.3,54.7,58.0,38.5,36.8,68.5,2020,-5.329064706927,71.1,74.9
Drexel,98.547495429063,104.64095197576,0.33404236932782,13–19,13,32,50.5,50.1,28.8,29.6,21.4,16.0,29.8,26.5,49.0,51.1,35.3,31.9,6.6,9.4,58.1,45.1,37.0,30.3,68.3,2020,-12.859956091271,70.7,75.7
Charleston Southern,94.05860562012,107.14918466894,0.18264984317941,12–18,12,30,48.4,52.6,25.3,28.8,18.8,18.6,22.8,30.1,48.9,53.8,31.8,33.7,6.9,8.8,53.3,54.3,43.8,36.6,67.6,2020,-13.483133591035,75.7,71.5
Northern Iowa,110.85449471966,98.261375946182,0.80007380597698,23–6,23,29,54.8,48.5,27.6,25.8,18.6,15.6,28.9,22.5,52.6,47.2,38.6,33.7,6.4,7.4,45.6,43.9,41.4,36.7,66.5,2020,0.88851807064384,75.6,68.3
South Carolina,103.87274792244,93.031035031108,0.78034609514819,18–13,18,31,48.6,45.2,36.8,53.0,18.1,21.4,32.1,28.6,49.5,45.7,31.0,29.6,13.3,8.4,53.5,54.3,29.7,39.8,73.7,2020,-2.4634487488699,62.8,73.1
Lamar,95.82119828455,99.940957432845,0.3812844470916,14–15,14,29,48.0,50.9,34.9,27.6,20.2,22.6,28.9,32.5,47.1,49.9,33.3,35.0,10.9,8.5,51.2,53.1,30.7,37.5,70.2,2020,-10.263465344833,71.7,69.3
Kentucky,110.94411675159,93.669278509532,0.8750588272793,25–6,25,31,50.7,45.3,40.7,32.1,18.1,17.3,30.9,28.5,50.4,44.9,34.3,30.7,13.6,7.7,52.1,46.7,26.6,38.4,68.4,2020,5.0710394428908,79.8,68.8
Lafayette,99.509589468643,104.36057422607,0.36647332166242,18–12,18,30,52.1,48.9,23.8,22.1,17.8,14.3,23.4,27.2,53.4,49.8,33.6,31.6,10.9,6.1,58.8,43.8,43.4,35.8,67.6,2020,-7.6538295710983,73.6,68.1
North Carolina Central,92.2394926247,103.22919202954,0.21509582371743,15–13,15,28,50.5,48.5,35.8,33.7,22.6,22.8,28.5,32.9,52.9,50.1,30.9,30.7,7.3,8.8,52.1,51.6,36.5,38.7,67.0,2020,-8.4560074223137,65.4,70.0
Wisconsin,109.26885518759,90.960071609001,0.89177426541571,21–10,21,31,50.3,46.4,26.9,25.3,15.4,16.9,24.1,25.9,48.3,44.9,35.2,33.1,9.7,9.6,51.1,47.8,44.5,32.5,64.3,2020,4.185770035557,76.4,69.0
Alabama,110.01091437045,97.628035020372,0.79790814961188,16–15,16,31,52.2,47.9,36.9,35.8,19.1,18.1,29.7,31.0,52.1,48.4,34.9,31.2,10.4,12.4,51.6,43.4,48.9,34.7,75.5,2020,-3.7780653567817,69.3,74.1
Tennessee Tech,91.098153598601,107.54288612757,0.12915508853172,7–22,7,29,47.6,53.9,21.9,28.5,21.6,19.5,28.0,28.5,46.8,53.6,32.4,36.3,8.1,9.5,56.3,59.7,43.2,37.1,67.8,2020,-17.480844382473,67.7,71.4
NJIT,93.566303722414,103.97388909232,0.22918849358857,8–21,8,29,45.3,50.6,31.1,33.4,16.4,18.3,25.1,27.3,45.1,50.0,30.4,34.5,8.1,9.4,45.8,52.3,32.9,34.6,67.7,2020,-15.088919743971,68.0,72.4
Alabama A&M,86.810759799303,108.31043505408,0.072789043277677,8–22,8,30,42.4,51.3,32.7,35.2,18.8,18.2,24.9,26.9,42.6,52.7,28.1,32.4,5.7,11.1,49.7,51.3,31.7,34.9,68.9,2020,-17.633614136488,67.2,66.2
Cal Baptist,103.86097398393,106.62630772854,0.42502315418883,17–10,17,27,50.8,47.6,35.3,30.6,17.8,14.0,30.9,25.6,46.7,48.6,37.7,30.4,8.1,10.9,50.1,47.6,41.7,31.1,69.4,2020,-6.2159158423338,78.8,69.1
Dartmouth,95.251712633796,98.039428319453,0.41781793911928,11–17,11,28,49.8,49.3,27.4,29.7,18.9,16.8,21.2,20.9,51.6,49.6,31.3,32.5,7.8,7.7,50.7,49.3,39.7,43.3,66.3,2020,-11.619569048559,67.5,64.2
La Salle,98.099379322424,98.282360251488,0.49464257530801,15–15,15,30,48.4,48.5,33.1,40.1,20.8,20.3,28.9,28.4,46.9,50.5,33.6,30.0,8.9,11.9,55.0,55.0,41.6,37.3,69.9,2020,-7.0778982848048,66.5,71.6
Tulsa,100.94578000178,92.434083870351,0.73360864327355,21–10,21,31,49.6,46.7,39.8,28.3,19.7,21.5,26.3,28.0,50.3,48.2,32.2,29.9,7.5,9.9,53.7,53.5,34.3,46.1,66.6,2020,-0.9774379583975,70.8,71.3
Kansas,114.75019715466,86.163412218502,0.96425299503656,27–3,27,30,53.7,43.7,35.8,23.2,18.7,18.6,32.6,26.4,54.9,42.4,34.1,30.5,13.7,9.7,51.0,52.6,32.5,41.3,68.1,2020,10.853878002312,67.1,67.2
Grand Canyon,101.55843845248,110.12656944693,0.28262992851408,13–16,13,29,50.7,51.0,37.5,29.9,16.9,16.1,23.2,28.6,50.5,50.0,34.1,34.9,3.7,6.8,48.0,54.9,33.1,40.1,68.6,2020,-11.175139786492,74.5,72.5
Michigan St.,113.65197051614,90.174597616883,0.93468701896315,22–9,22,31,52.6,43.3,30.8,29.3,18.1,15.8,32.8,26.0,52.9,43.4,34.8,28.7,13.4,9.2,65.0,55.7,37.5,37.7,70.1,2020,5.2257428273962,75.0,70.3
Cal St. Fullerton,93.432871171999,103.60276482744,0.2335829648214,9–20,9,29,47.7,50.1,37.6,35.4,18.5,18.2,22.8,26.7,47.3,49.5,32.2,34.2,7.8,9.2,47.1,48.9,33.6,32.2,69.9,2020,-14.075202594717,66.4,73.7
Southeastern Louisiana,92.468899744722,106.75034008837,0.16088804405486,5–23,5,28,46.8,53.7,31.4,42.5,22.2,22.3,28.0,34.0,47.9,56.1,29.9,32.9,4.9,8.5,49.5,58.4,35.9,35.9,72.6,2020,-18.305299226835,67.4,75.0
UC Riverside,94.470110644978,98.839907022497,0.37285074358521,14–15,14,29,50.0,47.2,27.4,32.2,20.3,16.2,26.7,21.9,48.2,43.4,34.9,36.6,7.3,8.9,51.2,50.2,42.1,32.6,63.9,2020,-10.698848967117,69.5,70.0
Clemson,102.21163296038,92.200800118183,0.76591410594508,16–15,16,31,50.1,48.3,28.9,28.7,18.5,20.0,23.3,24.5,52.6,47.9,31.5,32.6,7.8,8.3,54.6,51.6,46.4,44.1,66.8,2020,-3.2826468685444,68.6,71.5
Central Connecticut,88.796564841689,112.32563858933,0.062789325488283,3–27,3,30,44.7,53.4,29.3,33.2,20.4,18.0,23.4,33.1,41.2,52.1,34.8,36.9,9.3,10.9,43.4,55.8,31.6,39.7,70.4,2020,-21.889180761265,67.9,69.6
Coastal Carolina,103.39020444081,104.89512458378,0.45854926054924,14–17,14,31,50.1,50.0,34.7,45.8,21.9,18.4,35.9,27.8,50.4,49.7,33.1,33.6,8.1,8.1,48.4,57.4,35.5,44.5,73.3,2020,-10.65264236097,71.7,72.5
North Carolina A&T,90.915193272821,100.1483820932,0.24743369883849,16–15,16,31,47.1,47.7,41.4,42.0,20.6,21.4,28.5,30.4,48.4,50.2,29.6,29.2,10.0,8.0,56.4,53.0,32.1,38.6,74.1,2020,-9.9396301808571,60.9,63.7
Washington,104.39485918625,91.775576236667,0.81481316127265,15–17,15,32,50.4,44.1,37.9,31.4,21.3,19.3,27.4,31.8,51.4,42.4,32.5,31.2,16.0,6.1,51.2,60.4,38.4,38.2,70.4,2020,-5.0320008501363,72.2,71.9
Colorado St.,106.6609633497,101.14309259037,0.64813880034785,19–12,19,31,53.9,51.6,39.2,24.1,18.6,17.6,26.3,23.8,53.0,51.5,36.9,34.4,5.8,7.6,58.1,51.7,38.9,42.5,70.1,2020,-3.2768958824516,67.9,72.4
UMBC,95.75351857793,105.36332488651,0.2497720760047,12–17,12,29,48.3,49.7,33.7,33.7,18.5,18.9,25.6,27.6,50.3,50.3,30.2,32.6,7.7,9.0,46.5,51.1,38.7,45.3,67.4,2020,-12.161173200111,63.7,74.7
Louisiana Monroe,95.278072421469,101.85429765399,0.31700891709717,7–20,7,27,47.7,48.3,32.2,34.0,20.5,16.8,25.6,30.5,46.3,48.8,33.7,31.7,9.1,7.7,53.2,53.2,34.8,37.5,65.6,2020,-13.882069980864,67.7,71.4
The Citadel,94.761433107739,109.66757569147,0.15708893349788,3–24,3,27,49.6,55.0,30.8,28.3,20.2,17.4,20.7,30.7,50.6,57.1,32.4,34.8,7.2,8.9,54.7,50.0,47.7,42.8,74.7,2020,-17.637692943339,68.6,70.6
Hofstra,106.92037121968,101.70519708281,0.63993188812108,25–8,25,33,51.7,50.3,34.3,20.2,16.5,19.8,29.8,29.5,49.0,52.8,37.4,30.7,5.5,7.0,45.6,55.1,38.0,36.6,68.8,2020,-2.7418436793556,78.6,72.5
UMass Lowell,102.64908323247,113.02303964942,0.24839924220595,12–19,12,31,51.6,53.3,38.2,28.8,18.9,18.6,27.6,29.5,52.2,54.3,33.7,34.4,6.3,8.8,54.2,48.9,35.7,36.1,71.2,2020,-14.41673514407,70.9,71.7
South Alabama,103.17334439301,103.32332616297,0.49582378121781,17–11,17,28,51.4,51.5,40.6,26.6,18.3,20.1,25.5,29.6,52.2,50.6,33.0,34.9,11.4,9.9,42.9,57.0,29.6,47.5,66.1,2020,-5.7812689034396,73.0,70.3
Butler,111.25584119466,92.115076882274,0.89762672607193,22–9,22,31,52.3,45.8,29.4,30.9,17.3,17.9,29.4,25.4,52.9,43.5,34.1,33.0,7.8,9.0,50.9,52.2,36.8,37.9,64.5,2020,4.4997850456662,72.8,71.9
SIU Edwardsville,91.893140284973,108.24500570862,0.13200287184366,6–23,6,29,46.9,51.2,30.1,40.6,19.8,18.3,27.5,29.7,47.1,52.0,31.0,33.4,8.5,8.5,55.0,61.1,31.2,40.5,69.7,2020,-18.189335623592,68.3,73.2
Northern Colorado,107.30274360138,99.833093948015,0.69630769285122,20–9,20,29,54.7,48.5,25.3,24.9,15.4,16.8,25.0,24.0,53.6,50.2,37.4,28.5,5.5,9.6,48.5,33.3,45.1,23.5,65.8,2020,-3.7138364171131,67.3,70.4
Iowa,115.84706486652,97.970210207276,0.87297087354134,20–11,20,31,51.6,49.4,34.4,26.8,17.1,17.6,32.0,29.5,51.3,50.3,34.7,32.1,10.6,9.9,63.9,58.7,37.6,40.0,70.9,2020,3.3425642181347,75.0,72.6
Florida A&M,93.139742706094,105.30684624714,0.19592812599006,12–15,12,27,45.4,51.5,38.7,41.2,21.2,21.6,31.2,31.7,46.2,54.6,28.4,30.6,5.2,8.3,40.8,49.1,23.8,35.2,69.7,2020,-10.008401263309,63.5,67.8
TCU,103.97937529362,94.867577775326,0.74167094313134,15–16,15,31,49.4,49.3,27.1,30.8,21.5,21.0,32.2,29.6,46.6,47.6,35.4,35.1,13.0,13.0,61.7,62.2,43.0,33.1,65.7,2020,-3.3323862576282,63.5,66.7
Middle Tennessee,95.220316956412,107.64999600668,0.19608326274934,5–23,5,28,47.4,54.7,30.6,39.7,20.5,19.4,27.2,28.2,45.9,53.4,33.0,38.1,7.5,9.1,52.3,52.8,42.2,33.8,70.5,2020,-16.780641319643,66.7,70.7
Oregon,116.23999010183,96.212479659066,0.89794760612227,24–7,24,31,54.3,47.3,28.9,29.5,17.5,19.8,32.7,31.1,51.4,46.2,39.6,32.6,9.6,9.6,52.0,53.2,37.3,40.6,66.0,2020,4.7599520932817,70.0,73.3
Harvard,103.4672694231,97.743043796627,0.65802445310853,20–8,20,28,51.2,47.3,32.6,31.4,19.7,17.6,30.0,25.0,52.4,45.5,32.8,33.7,13.7,6.7,45.3,43.6,38.0,35.3,69.6,2020,-1.9830488655252,70.1,70.1
Florida,110.89466733445,94.187051333875,0.86737296160002,19–12,19,31,52.1,47.9,34.0,33.7,17.8,19.2,31.1,27.4,52.2,47.4,34.7,32.6,11.1,7.0,46.5,48.3,36.8,35.6,65.7,2020,0.16906523850358,72.3,72.9
Saint Joseph's,100.84886733654,107.83708566463,0.3163744656127,6–26,6,32,46.6,52.7,29.1,32.0,18.2,14.4,26.2,29.0,48.6,51.3,29.7,37.1,6.8,13.1,52.6,49.7,49.7,33.2,72.2,2020,-15.771485397306,70.5,72.5
Saint Mary's,113.04567651603,97.56555052876,0.84469387585142,25–8,25,33,54.2,50.8,30.8,28.0,14.9,17.7,25.1,23.6,51.9,50.7,38.8,34.0,5.1,8.7,42.8,38.6,35.8,31.9,64.6,2020,2.837373936248,75.4,71.6
Texas A&M Corpus Chris,93.183124609943,104.08618843058,0.21882865392712,12–18,12,30,51.5,48.7,33.4,41.3,26.6,19.1,30.6,29.1,48.4,49.4,37.7,31.6,8.4,10.2,54.0,51.4,38.7,34.6,66.4,2020,-13.717099602806,70.1,72.8
Ohio St.,113.33179547908,90.887556689732,0.92676398099565,21–10,21,31,52.3,46.2,36.7,29.3,19.1,18.3,31.1,25.5,49.7,44.2,37.3,32.7,10.2,9.6,54.7,49.1,41.4,39.5,67.0,2020,3.7979122738724,75.2,69.1
Florida St.,109.49184343603,90.966890019142,0.8939345611974,26–5,26,31,51.9,47.0,30.1,34.4,18.9,23.7,33.5,30.2,51.5,46.6,35.1,31.7,15.9,7.4,48.5,44.5,35.4,40.2,70.7,2020,6.8537314433554,75.0,73.3
Seton Hall,110.1030068321,91.663747710783,0.89166169039292,21–9,21,30,51.4,45.7,34.8,32.4,18.6,19.5,29.1,30.4,52.3,44.4,33.5,32.0,14.9,8.8,55.8,48.4,40.5,34.5,70.6,2020,4.6562802073838,71.5,70.1
North Carolina,106.2191920854,96.597387913602,0.7487507629022,14–19,14,33,46.4,49.1,33.5,29.2,18.1,16.0,35.3,24.2,46.8,48.2,30.4,33.6,9.9,9.4,54.5,54.0,28.9,41.2,71.1,2020,-4.9944393813583,68.2,75.5
Houston Christian,102.81296329236,120.45782915906,0.13925815235057,4–25,4,29,50.3,58.1,38.0,36.7,21.4,16.7,32.1,32.1,48.3,58.4,36.4,38.4,5.1,11.0,46.4,56.6,33.0,33.6,76.9,2020,-18.162622614962,74.7,74.0
Lehigh,96.345431988654,106.5520366743,0.2390354084489,9–21,9,30,49.7,52.5,26.1,32.4,19.9,17.0,25.6,26.8,49.4,53.7,33.7,33.9,7.0,8.8,48.0,56.0,29.8,42.0,69.1,2020,-15.441983876551,72.8,72.4
Navy,96.851212352725,104.56135835535,0.29299571198716,13–16,13,29,46.1,50.7,32.0,30.1,18.8,18.1,33.8,25.9,47.5,50.4,29.3,34.0,5.4,12.7,49.0,56.4,39.0,41.1,63.0,2020,-11.691958975847,69.2,68.1
Saint Francis,105.28694336056,106.97989098811,0.45426770973945,21–10,21,31,51.5,50.9,32.6,27.6,17.5,19.2,32.7,29.5,50.3,51.2,36.0,33.6,7.4,8.4,41.5,50.6,29.8,39.1,69.6,2020,-5.6197908725195,75.1,72.0
Santa Clara,101.65944428108,98.517289443959,0.58929662654672,18–13,18,31,52.2,48.7,35.9,37.8,18.7,18.9,20.8,26.5,52.1,47.2,34.9,34.5,8.3,8.3,57.0,50.1,36.0,32.5,72.3,2020,-5.2233786636205,73.7,72.4
Loyola Marymount,100.05720800443,101.46908378681,0.45980228029068,10–21,10,31,51.0,51.8,34.8,38.2,21.9,18.6,27.3,27.8,54.4,53.7,29.7,33.1,7.0,10.0,49.4,59.2,34.9,45.6,63.7,2020,-11.593075384951,68.3,73.2
Delaware,104.97626107914,103.93215721363,0.52870657348185,21–11,21,32,54.4,49.8,32.3,29.0,18.6,16.7,23.8,26.8,55.4,48.0,35.2,35.1,9.3,7.4,48.2,50.0,38.3,38.6,68.9,2020,-5.7135958317535,76.0,76.4
Miami OH,100.89158598339,105.51448615859,0.37397068981795,11–19,11,30,48.4,51.9,26.9,37.0,16.4,17.8,25.1,28.1,47.0,50.6,33.6,35.8,6.2,9.4,45.5,46.5,41.4,39.7,67.9,2020,-12.609306937752,72.2,68.6
New Mexico,103.52316250848,101.53594725098,0.55549506490076,18–14,18,32,52.2,52.7,37.2,24.4,19.5,20.0,27.9,30.1,54.2,53.1,32.6,34.7,7.8,7.2,54.9,58.8,36.8,42.8,72.6,2020,-5.6869018529385,72.0,69.2
Coppin St.,88.260647207118,104.04836514641,0.13096454424635,11–20,11,31,46.1,48.6,32.9,30.2,19.1,19.7,23.6,28.7,49.5,47.5,28.1,33.4,7.8,8.1,41.8,56.9,47.1,40.7,74.5,2020,-15.457544043069,63.6,68.3
Temple,98.624717342957,93.46871536318,0.64964837709094,14–17,14,31,46.0,46.4,33.3,29.5,18.1,18.5,25.9,26.7,44.7,46.3,32.2,31.0,8.8,10.9,57.7,56.9,35.0,41.9,71.0,2020,-6.5406633490311,68.7,71.6
Monmouth,96.964736457531,100.29356130012,0.40415731882963,18–13,18,31,47.1,49.5,35.6,41.7,17.6,22.4,25.5,28.8,45.4,48.1,33.4,34.4,8.5,9.0,52.8,51.2,36.9,40.5,73.4,2020,-8.1976155008519,72.1,70.8
Southern,95.716597620615,102.73194988311,0.30716396428224,15–15,15,30,47.9,48.7,34.5,48.8,20.3,19.7,31.6,25.3,48.3,49.1,31.3,31.8,6.8,8.5,52.9,42.8,29.9,31.7,67.4,2020,-10.485942217641,67.6,68.4
Southern Miss,94.382677606226,101.81667017707,0.29486174218311,6–22,6,28,47.8,51.3,23.5,33.0,22.1,17.6,26.7,26.4,49.1,52.3,29.9,33.5,7.7,6.7,54.8,54.2,30.1,48.7,67.8,2020,-14.466705977147,72.2,73.7
California,100.21518452699,98.564948352256,0.54759202682676,14–18,14,32,46.9,49.9,36.0,37.0,19.2,17.3,25.1,26.3,45.5,47.0,33.5,36.3,7.4,9.6,41.5,51.7,28.4,38.0,65.8,2020,-6.0543494574119,73.8,73.6
Georgia St.,104.22081906481,99.879833705496,0.61993144188614,17–13,17,30,50.3,46.9,31.3,47.0,18.9,20.8,30.9,32.9,48.3,48.0,35.8,29.9,11.0,9.8,52.4,51.2,37.7,35.6,73.7,2020,-6.6608911233834,74.4,72.5
Miami FL,106.82696433083,99.712309002735,0.68838809667772,15–16,15,31,48.8,50.2,28.1,22.9,17.2,17.6,26.0,31.9,49.5,49.8,31.7,33.9,9.4,11.5,38.9,54.6,37.2,34.7,69.0,2020,-3.3422432307861,75.9,71.2
Georgia,107.28067206257,98.746647017577,0.72176773249672,15–16,15,31,50.9,50.7,33.6,31.5,20.1,17.9,31.6,30.1,54.5,52.1,30.1,32.0,7.9,9.1,49.8,46.3,38.7,34.8,71.1,2020,-4.2148535014044,70.3,66.2
North Dakota,100.82476585794,107.10446401285,0.33295784661994,12–18,12,30,50.6,52.4,36.7,29.8,19.0,15.1,24.8,25.5,51.9,50.9,32.4,37.3,5.3,8.7,47.7,44.3,40.7,30.9,69.4,2020,-11.350071937153,75.9,74.6
Princeton,105.73213611353,103.99975563596,0.54735359905134,13–13,13,26,53.6,52.3,27.8,26.5,18.3,17.2,24.6,24.0,53.8,51.9,35.5,35.4,5.4,11.4,51.4,42.5,44.2,30.7,67.0,2020,-7.4164362293966,73.4,76.3
Saint Louis,104.86181966676,92.794898022863,0.8031178173486,22–8,22,30,50.1,46.1,39.8,36.6,18.8,19.6,34.2,25.2,49.7,44.5,34.2,32.4,12.7,8.6,54.5,49.7,27.1,39.9,68.3,2020,0.042544578355287,57.1,69.5
Arizona St.,103.95327698459,92.902722289098,0.78456476274468,20–11,20,31,48.8,49.1,32.4,34.2,17.9,22.3,26.5,28.6,49.0,48.8,32.3,33.1,9.4,9.9,42.3,50.5,36.9,38.2,73.8,2020,0.94564745486591,69.5,68.1
Purdue Fort Wayne,94.436113547338,102.94560660407,0.2704801656501,11–19,11,30,49.4,53.5,24.5,29.5,20.3,18.1,28.4,23.8,50.7,54.0,31.9,35.2,8.2,9.4,50.5,54.1,44.3,41.4,68.7,2020,-13.516583175323,67.4,71.1
Iona,99.877798344702,105.84917287613,0.33899428104097,12–17,12,29,51.0,49.4,33.7,34.2,20.5,18.7,25.1,31.7,51.8,46.0,33.3,36.3,10.4,9.1,54.8,58.4,42.4,39.2,69.3,2020,-12.884934569874,77.0,64.9
Stetson,96.73958955246,106.90820936784,0.24059856810221,14–17,14,31,49.7,50.8,39.1,31.0,21.9,17.6,30.5,28.5,49.6,49.9,33.3,34.5,6.8,9.3,41.9,61.0,31.8,47.8,63.9,2020,-11.810928406863,66.7,69.0
Marshall,99.468835061118,97.526606699687,0.55645084812938,16–15,16,31,50.2,46.3,28.6,37.6,19.3,20.0,27.9,32.1,51.9,44.3,31.7,33.6,13.6,8.0,50.4,40.8,38.5,33.0,75.6,2020,-8.3345881075754,66.7,69.3
Eastern Michigan,92.806687894882,94.860214401105,0.43740874042538,12–16,12,28,46.3,49.5,42.5,30.9,21.7,23.1,25.4,30.5,50.1,47.9,26.7,34.2,11.0,8.4,40.4,65.3,38.3,46.8,67.5,2020,-9.185892506238,62.4,70.2
Niagara,98.188733915689,111.74730864862,0.18429580710317,12–20,12,32,49.7,52.8,24.4,27.6,15.8,20.7,17.7,35.8,46.2,52.4,37.2,35.6,6.5,9.6,49.7,62.1,36.6,41.0,66.7,2020,-14.627982317274,75.2,70.8
Campbell,96.550449344819,102.63435414022,0.33120699302418,13–16,13,29,52.6,49.8,25.3,40.5,19.2,19.6,21.9,27.6,53.0,51.0,34.6,31.6,8.2,6.6,57.8,43.8,40.5,33.2,66.3,2020,-13.022278894755,72.9,71.0
Mercer,99.02012666069,101.68440909135,0.4242538477996,15–15,15,30,51.0,49.6,26.5,35.3,21.0,17.7,30.5,26.9,49.9,50.7,35.2,31.9,7.4,7.3,55.2,50.9,37.1,40.1,69.0,2020,-9.0607397197137,72.4,66.6
St. Bonaventure,104.91920956327,100.4763598553,0.62189132103298,18–12,18,30,49.1,49.3,27.2,33.0,17.4,17.7,30.9,26.6,48.1,49.3,34.1,32.8,10.8,8.0,53.8,61.0,33.5,45.7,66.4,2020,-4.547825453093,73.7,68.9
Oregon St.,109.59758744436,99.929042989201,0.74308830794187,18–13,18,31,51.6,49.4,38.8,30.9,17.3,18.6,26.5,29.0,53.2,47.9,32.5,34.7,13.7,8.8,59.4,54.8,34.9,36.4,66.6,2020,-2.8643916036516,75.1,73.4
Lipscomb,99.001002282623,107.05251655666,0.28921907547649,14–16,14,30,50.1,51.6,28.7,27.1,18.9,17.7,26.6,27.7,49.8,51.4,33.7,34.5,7.0,10.4,51.2,49.2,35.2,40.9,69.5,2020,-9.9013572807168,69.1,68.8
Kennesaw St.,81.588552666407,110.41862721161,0.029892954656584,1–28,1,29,39.3,55.3,32.5,30.4,21.7,18.5,25.8,31.2,40.2,55.0,24.8,37.1,5.5,10.6,42.0,52.0,30.9,37.7,69.0,2020,-21.846755279699,70.4,66.1
James Madison,99.797960457382,108.33923432939,0.28001734270159,8–21,8,29,48.2,52.7,37.2,29.3,17.2,15.9,25.8,26.0,48.1,51.8,32.3,35.9,7.4,9.8,48.9,52.6,40.5,41.9,73.2,2020,-15.822000078387,65.2,73.0
Georgetown,109.25087135801,98.563272622445,0.765648887342,15–17,15,32,49.1,50.8,33.9,26.6,18.9,18.8,32.5,28.7,47.8,48.1,34.6,36.4,11.5,7.5,57.0,58.1,31.0,41.9,70.9,2020,-2.6887988668481,77.1,73.4
USC Upstate,94.279282449521,109.39172418632,0.15319635418562,11–20,11,31,47.4,53.5,34.2,39.5,18.0,18.9,25.1,29.4,47.0,53.3,32.0,35.8,7.0,8.9,51.1,48.1,36.7,39.5,69.8,2020,-15.229057850028,68.6,71.8
Morgan St.,91.503151942568,106.29749847491,0.15142271112629,12–16,12,28,45.9,47.4,40.8,49.3,22.6,18.8,33.8,29.0,47.7,47.9,27.9,31.1,11.4,8.8,47.4,50.9,31.0,39.7,70.6,2020,-12.616287155465,69.4,71.5
New Hampshire,93.179865546862,100.90406645158,0.2858055670183,13–15,13,28,46.8,47.2,25.8,39.1,18.4,16.3,28.2,21.4,44.8,47.0,33.0,31.6,5.4,8.7,52.4,39.9,42.4,37.7,69.4,2020,-10.858972872909,66.7,68.9
Iowa St.,108.04109815484,99.225507664541,0.72687811538918,12–20,12,32,49.8,51.8,28.5,28.0,18.7,20.6,29.2,31.6,51.3,50.5,31.6,35.9,11.2,7.9,53.0,49.5,37.7,36.8,70.6,2020,-5.5882477461221,74.6,69.2
Vermont,103.58615537225,95.222690249017,0.72474709603966,25–7,25,32,51.7,44.8,31.3,31.5,17.2,19.0,27.6,22.7,53.4,42.4,33.0,32.2,10.5,8.0,53.5,49.5,43.6,40.6,67.0,2020,-1.8495260409299,71.8,71.1
Purdue,107.75205000817,89.791898531541,0.89060024325191,16–15,16,31,47.8,47.1,25.8,31.9,17.4,20.4,34.9,27.2,46.7,48.1,33.0,30.5,11.3,9.7,54.2,59.3,36.2,42.0,65.1,2020,-0.54504616074237,68.7,71.1
Drake,101.18716687593,99.480119485891,0.54876013188802,18–14,18,32,51.7,50.1,30.4,30.5,19.2,17.9,23.5,23.3,51.3,46.3,34.9,37.2,11.9,8.4,60.4,49.1,38.5,39.5,68.5,2020,-6.1528983299077,71.3,73.9
Marquette,112.05553870238,95.34430242926,0.86497616313965,18–12,18,30,51.6,46.8,39.2,34.9,18.9,15.1,30.0,26.0,46.9,46.0,38.2,32.2,10.6,9.4,53.5,52.0,44.6,34.9,71.6,2020,1.2287030410238,74.3,66.5
Holy Cross,94.939376216014,116.03578241973,0.090496242115101,3–28,3,31,49.3,55.9,24.6,31.4,20.5,15.4,25.3,29.3,50.1,55.6,32.0,37.6,7.1,8.8,46.8,48.1,38.1,33.1,69.1,2020,-23.152461510649,67.6,70.5
Houston,111.19442217556,91.970423027553,0.89869897577514,23–8,23,31,48.0,43.9,32.9,41.6,17.8,18.2,38.7,25.3,46.6,44.5,33.7,28.6,15.1,5.7,50.8,54.1,34.3,39.5,66.5,2020,2.6716531236626,73.0,69.0
Hampton,103.05697694636,116.32208142307,0.19902005233199,12–19,12,31,50.2,53.6,41.0,38.1,15.7,15.1,27.4,31.0,50.8,53.4,32.4,36.0,9.0,7.3,52.0,54.0,31.1,39.1,71.4,2020,-14.071228731347,69.7,70.5
Western Michigan,97.686690298028,104.76832708376,0.30899091008351,11–19,11,30,48.2,50.1,35.4,31.7,18.8,16.2,24.8,29.3,47.3,49.8,33.1,33.8,6.1,9.0,46.8,46.7,37.7,37.1,68.0,2020,-12.130146804879,71.5,68.9
New Mexico St.,105.48958022128,97.66646512098,0.70808885819619,23–6,23,29,52.7,49.6,31.9,32.0,20.6,20.9,34.5,21.7,53.4,49.7,34.6,32.9,5.9,7.0,57.3,46.8,46.6,36.9,64.3,2020,-1.4135525688992,71.3,73.3
Ball St.,98.388597071566,92.931509141332,0.65840957462955,17–13,17,30,50.5,45.7,30.9,28.5,19.5,19.6,25.4,25.1,50.6,45.0,33.5,31.4,8.7,9.3,54.9,43.0,47.9,33.0,68.6,2020,-7.3707734394965,69.9,69.0
Milwaukee,95.066360161282,103.23426951869,0.27930826123627,10–19,10,29,46.8,50.8,30.4,43.8,18.8,20.8,29.2,29.6,46.4,49.6,31.7,35.3,8.2,8.9,48.5,50.3,39.4,35.4,70.2,2020,-14.192124589359,70.9,72.0
Portland,93.877500853862,102.36101042917,0.26994058840085,7–23,7,30,48.6,51.6,33.5,31.2,19.8,18.2,19.3,30.6,47.0,51.0,34.4,35.0,9.9,7.7,54.5,59.8,35.6,39.6,69.9,2020,-14.578011807212,68.1,66.2
Albany,93.109172846124,102.19877088662,0.25517687034263,13–18,13,31,48.0,49.4,33.7,28.2,19.7,18.3,24.2,25.6,47.3,47.7,32.6,34.7,7.6,11.0,56.4,54.6,44.0,39.3,69.3,2020,-13.899273738077,71.2,69.5
San Francisco,107.74197484078,97.010743608623,0.76968819541017,21–12,21,33,51.3,50.2,29.4,31.9,17.3,18.5,29.0,24.1,52.2,47.7,33.5,37.6,7.9,8.6,44.8,42.0,43.2,29.3,69.6,2020,-2.3972660775615,71.4,71.9
Bucknell,94.550633977909,102.41042389568,0.28530246350647,14–20,14,34,49.3,51.5,28.4,38.3,19.0,19.8,24.4,26.6,47.8,52.9,34.3,32.4,9.4,9.5,50.0,49.4,41.8,33.2,70.3,2020,-14.023990050397,68.7,69.1
Connecticut,106.48732811814,94.661472979087,0.7947448766896,19–12,19,31,47.8,46.4,34.6,34.6,19.9,21.9,34.1,29.4,47.4,45.0,32.4,33.0,15.0,10.1,51.2,50.0,35.8,29.8,69.1,2020,-2.231332278262,74.2,73.8
Florida Gulf Coast,89.386000511303,101.62736879142,0.18603065895494,8–22,8,30,47.2,49.2,23.0,29.9,23.3,19.9,27.9,30.0,48.0,47.7,30.8,34.5,12.0,9.7,54.5,49.5,41.7,37.0,66.9,2020,-16.538620611005,69.5,69.5
San Jose St.,95.754731121344,105.97482238667,0.23753669118789,6–24,6,30,45.2,54.1,34.1,34.4,18.5,17.6,24.5,30.4,45.9,53.6,29.6,36.6,8.2,7.7,54.7,62.6,46.3,34.3,74.0,2020,-14.958780869602,71.8,69.7
Utah Valley,94.956186467366,102.97364587256,0.28248644943149,8–19,8,27,49.2,47.8,34.1,34.5,19.8,17.0,23.7,27.9,51.4,47.2,30.2,32.6,11.8,11.2,54.2,46.6,37.2,29.9,71.2,2020,-14.378966961746,71.6,74.8
Missouri,102.05928021644,94.618398532026,0.7048646221375,15–16,15,31,47.0,46.3,35.7,47.8,20.8,20.8,31.4,27.7,48.7,48.2,29.7,28.8,10.0,10.4,50.3,49.1,40.4,37.9,67.3,2020,-4.6165256167213,78.0,72.6
Cincinnati,106.76965206132,93.418670385666,0.82291146760999,20–10,20,30,50.3,45.7,39.6,29.2,20.2,19.7,32.0,28.6,51.7,43.1,31.9,33.7,12.5,10.7,57.3,50.7,36.1,34.7,68.9,2020,0.22040502350401,67.7,73.0
South Dakota St.,106.91212230159,103.60411951882,0.58939050945968,20–10,20,30,55.8,48.1,32.3,26.0,18.4,15.3,28.2,27.1,57.4,49.2,35.4,30.7,8.4,8.9,50.3,43.1,36.3,36.9,68.8,2020,-4.6542905832111,71.1,68.1
Boston University,101.2036991264,102.07083055192,0.47549107609066,20–13,20,33,51.3,49.7,27.3,26.1,16.9,17.2,29.4,25.1,53.0,49.9,32.2,32.8,6.3,6.9,46.6,45.8,34.3,36.0,67.1,2020,-7.7633728250531,64.1,66.6
Air Force,106.20238012934,108.26629402714,0.44488867166569,11–20,11,31,52.9,56.2,35.0,29.8,18.1,16.4,22.5,22.8,51.0,55.6,36.9,37.9,4.2,8.8,58.1,54.9,42.2,48.4,69.4,2020,-11.982675565912,72.4,71.8
Texas Tech,107.59806368993,90.361495823997,0.88160531917659,18–13,18,31,51.8,46.3,34.5,35.4,19.7,23.1,27.9,29.2,50.9,46.2,35.6,31.0,11.4,9.1,60.8,44.2,36.6,35.7,68.0,2020,-0.38409474385391,75.4,69.4
Bradley,105.10842060398,98.904276277495,0.66811217767207,22–11,22,33,49.5,46.4,32.3,31.2,17.2,17.9,31.5,25.9,46.6,45.6,37.1,31.7,12.4,7.2,51.5,53.1,31.6,43.6,67.7,2020,-4.0905200922072,73.3,75.0
Troy,94.478258995301,105.3800311372,0.2216909682242,7–22,7,29,46.1,52.3,29.2,37.4,19.9,20.0,29.4,29.9,45.0,53.0,31.7,34.1,7.5,11.3,57.6,56.6,44.5,39.9,70.1,2020,-16.51204036518,66.9,70.7
Gonzaga,119.77807154694,93.251302849485,0.94679548574581,31–2,31,33,57.5,47.6,38.8,21.8,15.3,18.4,33.6,22.7,57.4,47.4,38.6,32.0,9.5,6.9,52.5,43.4,31.3,34.1,72.8,2020,7.6852203887105,68.8,69.7
South Florida,99.117122413335,93.910854799621,0.65033148502324,14–17,14,31,46.6,51.0,37.5,34.5,22.2,23.3,32.4,25.2,46.7,51.6,30.9,33.4,6.8,9.7,46.7,51.0,38.4,40.1,65.7,2020,-7.3079954277695,65.0,68.4
Army,97.4149359322,106.34242095036,0.26729810762288,14–15,14,29,52.9,51.6,25.7,23.9,16.9,17.0,20.2,25.9,55.0,50.4,32.8,35.6,4.5,9.3,58.5,51.1,36.4,41.4,70.3,2020,-11.282661790749,61.8,69.0
Loyola MD,98.452794892352,108.29281093209,0.25058248002476,14–17,14,31,52.7,50.9,42.5,32.4,19.1,17.8,25.7,29.8,55.2,52.1,32.3,32.6,7.8,9.0,59.3,56.0,36.9,39.9,71.6,2020,-12.711009835459,63.8,72.7
Belmont,105.52802194078,98.217443991705,0.69542714877133,25–7,25,32,54.8,47.8,22.9,24.3,16.0,19.5,24.7,26.7,56.8,46.7,34.8,33.2,7.6,8.1,60.4,47.3,43.6,34.6,71.3,2020,-2.2500984992555,71.0,64.2
Siena,105.156392599,103.57014862506,0.54358777726458,20–10,20,30,51.8,48.4,36.3,26.9,19.2,17.2,31.9,26.0,51.0,48.7,35.5,31.8,8.1,9.8,52.1,45.0,33.2,34.8,67.6,2020,-5.859245569079,70.4,74.4
Southern Utah,96.324876832704,97.032660352212,0.47896450680664,15–15,15,30,48.7,45.8,35.9,37.0,19.2,16.8,27.3,23.3,49.2,45.4,31.8,31.1,11.1,10.8,44.1,50.4,31.4,34.6,70.0,2020,-9.3401364642957,72.2,70.8
N.C. State,110.06740283707,95.86073241497,0.83051192478492,20–12,20,32,50.8,47.8,28.5,35.4,16.9,20.1,28.8,30.9,52.6,48.0,31.8,31.6,11.6,8.6,48.8,43.3,35.6,32.8,70.3,2020,-0.50286853496823,71.0,69.0
Pittsburgh,102.02261833224,97.039288036623,0.640124374683,16–17,16,33,45.1,49.8,35.1,26.0,18.4,23.3,32.8,34.5,45.5,49.0,29.6,33.9,10.1,11.0,53.5,59.0,31.7,39.6,66.1,2020,-4.7801717677982,71.3,71.3
Montana,100.11727632257,98.331079164529,0.55157202769031,17–12,17,29,52.3,48.7,26.1,46.3,16.9,20.5,20.1,25.4,51.4,48.0,36.4,33.6,8.9,6.7,46.4,44.1,27.6,31.0,69.0,2020,-5.8237716687593,71.8,72.0
Massachusetts,100.75460526084,101.0390505675,0.49189559084454,14–17,14,31,49.2,51.0,29.9,33.5,18.8,20.3,25.8,30.3,49.1,51.7,32.9,33.0,8.2,6.4,54.4,55.7,40.2,31.8,69.5,2020,-7.2293957758235,70.1,69.5
Mount St. Mary's,95.093406394997,105.54273257,0.23166254250545,10–21,10,31,46.2,50.0,32.6,30.1,17.9,17.3,29.3,27.9,45.8,48.1,31.3,35.5,9.2,10.5,50.3,51.3,38.3,36.7,64.0,2020,-16.364068690601,69.2,70.5
Bryant,96.240112325485,102.31382729097,0.33097385067708,14–17,14,31,47.9,47.0,31.0,29.9,20.5,16.5,31.0,28.2,48.0,47.4,31.9,30.9,10.8,10.5,53.9,49.5,43.3,35.9,71.2,2020,-12.645683806019,67.5,67.9
Syracuse,111.82186088634,97.3081440757,0.83184787351771,18–14,18,32,50.5,48.3,35.7,30.2,16.5,20.3,29.6,32.2,51.4,48.3,32.9,32.2,14.7,8.3,55.0,72.4,42.2,47.9,68.8,2020,-2.7185494119976,74.0,73.0
Jacksonville St.,95.158179341031,103.73874687305,0.27034871368727,11–19,11,30,48.7,52.1,29.1,28.4,20.7,19.5,31.1,25.4,49.6,54.3,31.5,32.5,7.4,8.8,52.1,55.0,35.9,38.5,68.8,2020,-14.054633094864,69.6,69.2
McNeese St.,102.23775120871,110.9756122991,0.28027277930031,11–17,11,28,54.9,51.5,35.7,29.6,22.7,17.6,30.1,31.7,54.3,48.7,37.3,37.3,10.2,8.4,55.9,54.4,35.9,39.0,69.6,2020,-12.346809727233,72.2,75.3
Quinnipiac,98.94369090397,108.04949889865,0.26650199261301,15–15,15,30,50.9,48.8,28.2,23.6,19.9,14.1,27.0,26.2,48.1,46.5,35.7,35.3,9.3,11.4,57.9,54.9,51.3,35.8,69.4,2020,-11.646579823755,76.2,68.2
Rhode Island,103.62203089566,92.620889600729,0.7842665666231,21–9,21,30,46.9,47.4,37.1,28.5,16.4,20.9,30.4,28.6,46.7,49.1,31.5,29.7,10.3,7.6,48.3,52.8,29.1,37.6,72.0,2020,0.47223256566206,67.6,70.5
Detroit Mercy,98.32301228907,109.94718225826,0.21669473936975,8–23,8,31,46.2,53.1,32.1,31.8,19.1,17.0,30.8,30.5,44.5,52.2,32.3,36.3,8.2,10.4,44.5,62.2,44.1,39.2,70.2,2020,-16.548498764675,78.2,72.3
Radford,103.6387393795,105.72767035976,0.44287855563216,19–11,19,30,52.6,50.1,32.5,34.3,16.4,16.3,30.4,26.6,52.4,50.8,35.2,32.9,7.1,8.8,49.9,53.6,38.5,45.1,64.9,2020,-5.9889585042206,64.5,67.3
East Tennessee St.,105.89366623638,96.209523307813,0.75080899302906,27–4,27,31,53.5,49.8,36.9,33.1,18.2,22.4,31.8,26.2,55.2,51.1,33.9,31.7,10.3,8.4,50.7,47.1,39.2,38.2,66.8,2020,2.4853268274138,70.2,69.9
Duquesne,105.37078428325,96.619620920548,0.73048626786567,21–9,21,30,51.2,48.0,32.8,29.2,18.5,20.2,29.5,30.5,53.8,49.7,31.8,30.1,14.5,9.2,56.5,53.0,43.1,36.9,68.5,2020,-1.6726080497703,70.3,65.9
Virginia Tech,103.03639786302,96.455846240819,0.68112896910305,16–16,16,32,50.3,48.5,22.9,26.1,14.6,17.6,21.0,25.5,48.1,48.6,35.2,32.2,8.9,10.4,59.5,53.3,47.7,42.5,66.2,2020,-4.0684937374778,71.1,68.6
VCU,103.550064133,92.114759078144,0.79343070801343,18–13,18,31,49.7,48.1,33.0,35.9,17.8,24.5,27.5,30.1,48.4,46.8,34.6,33.7,12.4,8.7,52.8,52.6,37.2,34.8,70.0,2020,-3.5977047450816,69.6,70.6
North Dakota St.,104.25802787381,100.61032361456,0.60098258504762,23–8,23,31,51.9,49.2,33.3,26.6,14.7,14.6,22.4,19.0,51.2,49.3,35.2,32.7,5.5,9.9,46.5,37.9,46.3,30.7,66.7,2020,-3.1486937394932,79.5,72.2
Northwestern St.,96.630538710141,105.21287915338,0.27318053333168,12–15,12,27,49.7,48.1,33.9,37.2,21.6,17.8,30.7,32.5,47.9,45.4,35.2,35.5,9.9,7.3,47.6,55.0,36.8,34.9,72.9,2020,-10.86645041143,72.9,71.1
Fairfield,88.819048888937,100.19702522484,0.20001835908946,12–20,12,32,43.1,48.3,35.9,31.1,21.3,19.4,30.2,26.3,43.4,45.9,28.4,35.0,8.2,8.3,42.4,51.5,29.1,36.8,63.9,2020,-15.387829083076,69.5,71.5
Arkansas,106.7274822488,92.994276081,0.82977289568335,20–12,20,32,50.9,47.3,42.5,40.9,15.9,22.1,21.5,31.4,51.5,50.5,33.4,27.2,10.1,8.7,47.2,41.9,39.9,33.3,71.8,2020,-1.2657429961981,73.1,70.1
Cal St. Bakersfield,96.028718144325,103.20564398254,0.30388260813262,9–19,9,28,46.5,50.9,30.7,49.1,20.7,19.4,35.2,25.3,46.3,47.7,31.4,37.1,9.8,7.0,44.6,52.0,27.1,39.9,65.5,2020,-13.234617183923,67.0,73.3
George Washington,98.083956289156,103.43654055117,0.35182050652844,12–20,12,32,49.0,50.1,32.8,31.1,19.4,15.7,23.0,26.7,49.6,50.4,32.1,33.0,10.1,11.8,52.2,45.3,42.5,30.4,67.3,2020,-11.994209304135,69.8,68.6
UNC Asheville,98.464217593386,109.05191538283,0.23604169516178,13–16,13,29,52.5,56.9,35.2,38.3,16.4,22.5,23.0,29.4,52.2,57.2,35.3,37.4,6.1,7.9,38.5,51.2,37.1,31.4,71.7,2020,-12.574234779621,66.3,66.0
Dayton,118.24830938181,92.033148739148,0.946966298504,29–2,29,31,59.7,46.6,33.9,30.9,18.0,18.8,26.4,26.6,62.3,45.1,37.1,33.0,9.2,7.9,60.2,47.2,39.0,33.2,68.3,2020,6.8055286856597,72.0,64.4
Stephen F. Austin,101.99690389221,95.709209083333,0.67518287924301,25–3,25,28,53.3,49.6,44.0,44.6,23.6,27.8,37.3,26.8,52.3,48.4,37.4,34.4,9.3,8.9,52.6,53.9,27.7,37.9,72.6,2020,1.3394052822844,69.7,72.6
Arkansas St.,100.9629363246,107.20716876282,0.3340084205825,14–16,14,30,48.9,52.0,48.1,43.1,19.0,19.9,28.9,29.1,47.8,52.6,34.1,33.8,7.4,5.9,58.5,54.8,32.2,34.4,67.9,2020,-10.036684980467,72.2,72.6
Southeast Missouri St.,93.98709328256,111.16958252715,0.12665736913089,5–24,5,29,47.0,54.7,34.3,34.6,19.7,18.6,25.9,28.9,46.4,54.4,32.1,36.9,5.7,9.4,48.7,56.8,34.7,37.4,68.2,2020,-19.266996671482,70.3,69.5
Binghamton,97.637216653474,115.64185690437,0.1249627011158,8–19,8,27,47.9,53.3,22.5,30.3,17.7,14.2,25.7,31.6,47.2,54.2,32.4,34.6,7.2,9.1,45.8,51.7,48.3,38.4,69.3,2020,-14.946504283088,72.4,65.7
George Mason,99.89705738339,99.951447054717,0.49843511665205,17–15,17,32,47.6,49.6,34.4,30.6,20.1,18.9,33.1,27.8,48.7,50.9,30.4,31.5,13.2,9.9,45.6,49.9,34.5,38.1,67.7,2020,-6.9657981275052,69.1,66.3
Old Dominion,96.562076298907,96.287943654444,0.50817279343089,13–19,13,32,45.3,48.1,28.8,34.0,18.1,18.5,30.8,21.7,46.0,46.0,29.3,33.8,9.3,9.5,44.3,54.5,33.1,45.3,67.2,2020,-11.397172177374,69.2,71.9
Green Bay,104.16679421424,109.38479153795,0.36306117447175,15–16,15,31,50.8,51.4,31.6,33.0,16.2,18.2,25.8,31.6,48.8,50.8,36.6,34.9,7.8,6.3,55.5,52.2,32.8,39.3,74.6,2020,-9.9809773615344,76.3,75.5
UNC Greensboro,101.98606952318,93.787441635772,0.7238741043743,21–9,21,30,48.9,50.1,25.0,36.8,16.5,24.9,33.2,26.8,49.5,48.0,32.1,35.6,13.4,7.1,45.9,49.8,42.2,39.4,68.3,2020,-2.5702940931977,62.1,67.4
Little Rock,103.30172321823,100.91894075051,0.56669243928868,20–10,20,30,52.8,49.0,45.3,34.4,22.1,19.6,30.1,28.7,52.9,47.3,35.1,34.5,10.5,9.2,59.5,49.7,33.1,38.5,69.9,2020,-3.7426712682041,71.1,69.5
Austin Peay,105.70043601399,105.43393267055,0.50725740402798,19–12,19,31,51.3,53.1,37.3,32.5,18.4,20.6,32.9,27.9,50.4,52.3,35.3,36.4,8.3,6.6,49.1,52.0,33.4,34.2,68.4,2020,-5.9641973075993,71.3,70.6
Rutgers,105.99125691692,89.466467835896,0.87535569811015,19–11,19,30,48.9,45.1,29.1,27.5,17.9,18.9,32.0,25.4,50.1,43.8,30.8,31.2,13.6,9.0,47.8,54.6,29.6,41.6,68.1,2020,1.5809845175709,64.5,71.7
Nicholls St.,98.286379434318,99.425265963524,0.46692603790663,17–10,17,27,49.5,49.8,25.8,39.7,19.3,24.8,29.4,34.1,49.1,50.8,33.4,31.8,10.1,7.4,44.6,54.2,36.7,33.2,69.5,2020,-4.6828593323563,74.4,72.4
Sacramento St.,95.439165850082,96.318339949786,0.47366148933499,14–14,14,28,45.4,48.0,32.1,35.3,19.1,21.7,32.2,25.9,44.7,46.8,31.6,34.2,10.9,7.5,54.5,48.1,28.3,28.4,64.4,2020,-9.1690817388635,72.4,77.2
William & Mary,102.75483159057,102.81109850176,0.49842613180737,20–11,20,31,53.5,49.5,30.6,26.5,18.8,14.3,24.6,23.8,54.0,47.4,35.2,35.6,9.9,8.3,53.2,44.6,39.0,35.5,68.4,2020,-5.1532118959054,74.5,71.4
Colgate,104.82779508198,102.23812291909,0.57142432912709,24–9,24,33,52.8,49.8,24.9,23.8,15.7,17.3,27.9,26.3,52.1,51.4,35.7,31.4,7.9,8.7,52.2,50.1,46.0,38.6,69.1,2020,-3.9528763543497,74.9,65.4
USC,102.52508529111,91.237098210068,0.79272467205355,22–9,22,31,49.5,44.6,35.4,28.0,20.4,18.1,30.6,27.9,48.1,43.1,35.0,31.3,13.3,7.5,55.1,51.0,32.1,39.4,69.9,2020,1.8076902186443,66.2,69.8
Merrimack,92.233050082158,97.568264114558,0.34373624660604,19–11,19,30,48.5,48.0,25.9,37.8,18.6,25.9,23.0,34.2,47.4,48.9,33.3,30.6,7.8,11.7,55.2,57.8,42.4,31.1,64.2,2020,-6.6750371230196,67.5,71.3
UNLV,106.15717507858,99.414473760557,0.68019438313207,17–15,17,32,49.7,49.2,34.1,40.6,19.3,17.4,34.0,24.0,50.9,48.5,31.9,33.5,8.8,9.6,49.8,59.6,40.2,42.8,67.6,2020,-5.8549061297094,69.2,72.1
Illinois St.,98.074258690794,100.94273480796,0.41786911106493,9–21,9,30,49.9,51.5,25.2,31.0,21.0,19.4,25.2,27.3,47.0,51.5,35.9,34.4,7.2,8.2,51.1,53.4,42.2,39.1,69.2,2020,-13.733104523195,70.0,71.7
Manhattan,90.655384863394,101.22519181337,0.21955754204069,13–18,13,31,45.7,47.5,34.1,46.0,20.9,22.3,30.1,30.1,45.3,45.4,30.9,34.5,11.5,9.1,58.0,57.1,39.8,33.1,66.4,2020,-13.998452036081,62.1,68.3
Utah,105.45062572602,98.880166208542,0.67696150418965,16–15,16,31,51.3,50.3,35.8,23.0,19.7,17.7,29.0,26.9,52.0,48.9,33.4,35.2,7.2,11.3,56.5,50.7,38.3,35.3,67.6,2020,-3.1414927183366,73.0,73.1
Louisiana Tech,107.14777089946,96.400083186166,0.77128324449188,20–8,20,28,53.3,47.2,29.3,32.6,18.5,20.7,30.2,26.8,53.3,47.4,35.5,31.3,6.8,8.9,47.4,50.2,39.5,40.5,67.2,2020,-1.7732982476803,66.4,70.9
Youngstown St.,100.8928954085,106.81395012573,0.34167611477855,16–15,16,31,47.4,50.1,30.0,30.9,17.8,16.5,35.6,29.5,47.8,49.4,31.2,34.3,6.4,8.7,46.8,49.0,37.5,33.7,67.2,2020,-10.091870654216,69.6,69.8
Jacksonville,93.992790382772,100.67314925711,0.31225413788655,12–18,12,30,48.0,46.6,30.1,28.7,20.3,16.0,29.4,26.5,48.3,47.2,31.7,30.4,8.0,8.6,45.5,45.2,34.9,39.6,67.3,2020,-12.874139447984,66.8,71.2
Tennessee St.,96.479688275702,102.41019056067,0.33491951531921,16–15,16,31,53.0,47.0,32.0,38.2,24.7,17.1,30.7,27.9,52.7,46.8,35.7,31.5,11.2,8.0,52.7,45.4,37.1,37.7,70.2,2020,-9.5010745795675,65.3,72.1
Stanford,103.23544166715,88.992688663506,0.84648147232813,20–12,20,32,53.5,45.6,31.0,31.8,20.7,22.5,22.1,27.8,52.1,46.3,37.3,29.6,10.8,11.3,51.1,45.4,35.2,37.3,68.9,2020,-1.5016107304536,70.3,69.7
Longwood,90.466951222828,104.11711706004,0.16574128023354,12–18,12,30,48.1,51.5,32.6,35.0,19.3,20.3,22.5,25.1,44.9,50.2,34.4,35.6,6.6,12.0,49.2,57.3,48.9,42.9,68.8,2020,-14.930162214148,70.8,68.4
Sacred Heart,99.926830766987,103.75044403241,0.39369003778504,19–13,19,32,49.1,47.6,34.8,23.6,20.4,15.7,36.1,28.2,49.2,46.3,32.7,33.3,9.6,10.1,50.2,55.0,39.0,34.3,69.6,2020,-8.7495196465998,73.3,68.6
Western Kentucky,107.44853123098,101.90104670901,0.64785229535658,19–10,19,29,51.2,50.2,39.6,21.0,17.7,19.3,25.5,31.1,52.0,53.5,33.3,30.0,10.0,8.7,42.4,47.3,36.7,38.4,69.1,2020,-3.2193074002833,78.7,73.7
UT Arlington,100.53904056549,97.267716229404,0.59397156191022,12–18,12,30,47.3,46.9,29.0,35.8,16.2,17.5,26.5,29.0,48.5,48.2,30.4,29.6,7.3,9.2,58.4,54.3,41.8,34.8,68.5,2020,-10.309049290623,75.2,68.4
Fordham,87.912618474757,94.101815302824,0.31380482862256,9–22,9,31,45.0,47.2,27.0,33.1,18.9,21.0,21.4,26.3,43.1,48.8,31.8,30.3,9.2,8.4,54.3,61.5,41.7,47.1,65.3,2020,-15.285550144942,66.2,68.3
Alabama St.,85.22091067405,102.75692206722,0.10415633479088,8–24,8,32,44.6,51.3,35.7,38.3,22.6,20.4,26.0,29.8,44.1,52.3,30.3,32.9,6.0,10.7,47.6,50.2,39.0,34.5,70.2,2020,-17.234684907281,62.2,65.4
Wichita St.,104.32274904059,88.508643923527,0.86880981226385,23–8,23,31,47.1,44.4,33.7,38.4,17.9,20.1,31.7,24.1,45.8,43.9,32.8,30.2,10.4,10.8,56.8,46.9,39.3,35.2,70.2,2020,1.9209737353904,69.7,69.6
Oakland,97.475643794859,102.59100655743,0.35704820763873,13–19,13,32,48.1,49.3,37.4,26.2,19.9,17.7,28.5,30.3,50.6,49.5,29.4,32.8,8.8,8.4,57.3,57.1,38.2,42.7,66.8,2020,-13.026479261595,69.1,67.2
Boise St.,104.70003225138,97.9678836154,0.6822837136247,19–12,19,31,51.1,51.1,36.0,29.8,17.8,19.2,25.5,22.6,51.6,54.9,33.6,30.1,4.2,7.1,49.8,45.3,42.1,39.0,69.9,2020,-2.4237817026302,75.2,72.1
